,ClOrdID,ExecID,Symbol,Side,LastShares,LastPx
0,00000,110341,MSFT,1,387,241.67
1,00001,110342,MSFT,1,413,238.66
2,00003,110343,BAC,1,457,31.62
3,00005,110344,MSFT,1,262,240.25
4,00006,110345,MSFT,1,494,237.75
5,00008,110346,AAPL,1,231,150.92
6,00010,110347,BAC,1,373,33.44
7,00011,110348,BAC,1,408,32.53
8,00014,110349,BAC,1,254,30.48
9,00016,110350,BAC,1,284,31.28
10,00017,110351,MSFT,1,66,240.89
11,00018,110352,BAC,1,168,32.11
12,00020,110353,BAC,1,146,32.91
13,00022,110354,BAC,1,119,30.87
14,00025,110355,BAC,1,207,34.83
15,00027,110356,MSFT,1,294,238.91
16,00029,110357,BAC,1,213,34.34
17,00030,110358,BAC,1,459,34.7
18,00032,110359,MSFT,1,438,237.41
19,00033,110360,AAPL,1,460,150.54
20,00034,110361,AAPL,1,145,151.87
21,00035,110362,BAC,1,252,31.38
22,00037,110363,MSFT,1,18,240.91
23,00039,110364,BAC,1,77,31.3
24,00040,110365,MSFT,1,483,242.98
25,00041,110366,MSFT,1,9,242.55
26,00043,110367,BAC,1,349,31.44
27,00044,110368,BAC,1,111,33.43
28,00046,110369,BAC,1,156,33.3
29,00048,110370,MSFT,1,344,239.78
30,00049,110371,AAPL,1,123,150.29
31,00050,110372,BAC,1,88,33.28
32,00052,110373,AAPL,1,176,150.26
33,00054,110374,MSFT,1,59,238.69
34,00055,110375,AAPL,1,109,151.27
35,00057,110376,AAPL,1,59,150.69
36,00058,110377,MSFT,1,207,241.03
37,00059,110378,BAC,1,358,34.55
38,00060,110379,BAC,1,157,33.47
39,00061,110380,BAC,1,483,32.32
40,00062,110381,BAC,1,10,30.65
41,00063,110382,MSFT,1,395,241.72
42,00064,110383,AAPL,1,79,152.6
43,00065,110384,AAPL,1,446,152.94
44,00066,110385,BAC,1,306,33.08
45,00067,110386,BAC,1,116,34.6
46,00069,110387,AAPL,1,181,151.03
47,00071,110388,MSFT,1,450,237.97
48,00072,110389,BAC,1,354,33.72
49,00073,110390,BAC,1,39,30.99
50,00075,110391,MSFT,1,477,240.44
51,00077,110392,MSFT,1,226,240.89
52,00078,110393,BAC,1,162,30.05
53,00080,110394,AAPL,1,182,150.07
54,00082,110395,BAC,1,383,34.99
55,00083,110396,BAC,1,133,30.58
56,00084,110397,MSFT,1,198,238.5
57,00086,110398,AAPL,1,474,151.24
58,00089,110399,AAPL,1,481,150.48
59,00093,110400,MSFT,1,207,237.92
60,00095,110401,AAPL,1,290,152.07
61,00096,110402,MSFT,1,32,241.48
62,00098,110403,MSFT,1,122,242.38
63,00099,110404,MSFT,1,402,240.59
64,00100,110405,AAPL,1,61,150.9
65,00102,110406,BAC,1,388,33.55
66,00104,110407,MSFT,1,152,238.57
67,00106,110408,BAC,1,429,31.62
68,00108,110409,AAPL,1,243,152.08
69,00110,110410,BAC,1,315,30.61
70,00111,110411,AAPL,1,219,150.63
71,00113,110412,MSFT,1,30,241.09
72,00116,110413,BAC,1,426,31.78
73,00118,110414,MSFT,1,93,242.01
74,00120,110415,MSFT,1,89,237.41
75,00122,110416,MSFT,1,346,238.88
76,00124,110417,BAC,1,153,34.83
77,00125,110418,MSFT,1,250,239.98
78,00126,110419,BAC,1,164,30.87
79,00127,110420,BAC,1,214,34.25
80,00128,110421,AAPL,1,187,150.39
81,00129,110422,MSFT,1,137,242.64
82,00132,110423,MSFT,1,359,239.95
83,00133,110424,MSFT,1,362,238.85
84,00134,110425,MSFT,1,109,237.29
85,00136,110426,MSFT,1,192,239.87
86,00137,110427,AAPL,1,107,150.76
87,00138,110428,BAC,1,157,32.29
88,00140,110429,BAC,1,194,30.31
89,00142,110430,MSFT,1,317,237.43
90,00144,110431,BAC,1,55,33.79
91,00147,110432,BAC,1,130,33.46
92,00148,110433,BAC,1,285,34.43
93,00149,110434,MSFT,1,455,237
94,00151,110435,AAPL,1,480,151.03
95,00153,110436,BAC,1,60,31.94
96,00155,110437,AAPL,1,52,150.42
97,00157,110438,BAC,1,135,33.97
98,00158,110439,AAPL,1,206,150.31
99,00161,110440,BAC,1,299,32.94
100,00163,110441,MSFT,1,46,239.49
101,00164,110442,BAC,1,342,30.96
102,00166,110443,MSFT,1,164,240.5
103,00168,110444,MSFT,1,281,241.45
104,00169,110445,MSFT,1,312,240.41
105,00171,110446,BAC,1,73,30.41
106,00172,110447,MSFT,1,371,240.17
107,00174,110448,MSFT,1,189,239.4
108,00176,110449,AAPL,1,402,152.54
109,00178,110450,MSFT,1,492,237.12
110,00180,110451,AAPL,1,415,150.33
111,00182,110452,AAPL,1,377,151.15
112,00183,110453,MSFT,1,236,239.6
113,00184,110454,AAPL,1,440,151.85
114,00185,110455,BAC,1,31,31.71
115,00186,110456,BAC,1,155,30.57
116,00187,110457,BAC,1,221,31.13
117,00188,110458,MSFT,1,369,242.06
118,00189,110459,AAPL,1,385,151.03
119,00191,110460,MSFT,1,139,238.42
120,00193,110461,AAPL,1,323,152.41
121,00194,110462,MSFT,1,185,237.09
122,00195,110463,AAPL,1,396,152.83
123,00197,110464,BAC,1,164,33.16
124,00198,110465,BAC,1,273,34.74
125,00200,110466,AAPL,1,214,152.11
126,00201,110467,AAPL,1,281,150.88
127,00203,110468,AAPL,1,370,151.92
128,00205,110469,AAPL,1,341,152.38
129,00207,110470,BAC,1,122,32.92
130,00208,110471,AAPL,1,383,152.49
131,00210,110472,MSFT,1,98,237.01
132,00214,110473,AAPL,1,91,150.53
133,00216,110474,AAPL,1,299,150.77
134,00218,110475,BAC,1,218,31
135,00220,110476,MSFT,1,227,242.38
136,00223,110477,BAC,1,8,30.73
137,00225,110478,BAC,1,306,30.59
138,00227,110479,BAC,1,139,33.16
139,00228,110480,AAPL,1,120,151
140,00229,110481,MSFT,1,64,240.34
141,00231,110482,MSFT,1,174,242.6
142,00233,110483,MSFT,1,236,242.74
143,00235,110484,BAC,1,358,30.62
144,00236,110485,AAPL,1,77,152.67
145,00238,110486,BAC,1,150,32.17
146,00239,110487,MSFT,1,66,238.95
147,00240,110488,BAC,1,258,31.03
148,00241,110489,BAC,1,382,31.54
149,00242,110490,BAC,1,54,31.78
150,00243,110491,MSFT,1,356,238.34
151,00245,110492,BAC,1,127,31.89
152,00247,110493,MSFT,1,266,239.09
153,00248,110494,BAC,1,16,33.25
154,00249,110495,BAC,1,148,34.37
155,00251,110496,BAC,1,348,31.02
156,00253,110497,AAPL,1,236,150.55
157,00254,110498,BAC,1,307,32.69
158,00256,110499,BAC,1,47,31.84
159,00257,110500,BAC,1,388,30.72
160,00258,110501,BAC,1,307,33.45
161,00260,110502,AAPL,1,142,152.01
162,00262,110503,AAPL,1,369,152.75
163,00263,110504,AAPL,1,357,152.89
164,00265,110505,AAPL,1,375,150.05
165,00267,110506,AAPL,1,170,151.66
166,00269,110507,AAPL,1,393,150.12
167,00271,110508,MSFT,1,187,237.57
168,00273,110509,BAC,1,179,33.7
169,00274,110510,MSFT,1,34,238.85
170,00276,110511,MSFT,1,408,240.23
171,00277,110512,BAC,1,99,33.54
172,00279,110513,BAC,1,223,33.65
173,00281,110514,AAPL,1,431,151.84
174,00282,110515,MSFT,1,183,239.92
175,00283,110516,MSFT,1,326,241.54
176,00285,110517,BAC,1,250,33.36
177,00286,110518,MSFT,1,203,239.52
178,00287,110519,BAC,1,241,31.82
179,00288,110520,AAPL,1,18,152.32
180,00290,110521,BAC,1,370,30.96
181,00291,110522,MSFT,1,196,240.42
182,00292,110523,AAPL,1,318,151.33
183,00294,110524,BAC,1,264,33.55
184,00296,110525,AAPL,1,176,151.26
185,00298,110526,AAPL,1,421,150
186,00300,110527,MSFT,1,139,241.76
187,00303,110528,MSFT,1,485,242.42
188,00304,110529,BAC,1,118,32.95
189,00306,110530,BAC,1,459,34.51
190,00307,110531,MSFT,1,325,240.47
191,00309,110532,MSFT,1,90,238.27
192,00311,110533,AAPL,1,224,150.96
193,00312,110534,BAC,1,55,31.38
194,00314,110535,MSFT,1,143,240.29
195,00315,110536,BAC,1,163,31.42
196,00317,110537,MSFT,1,208,237.79
197,00319,110538,BAC,1,186,31.7
198,00321,110539,MSFT,1,20,241.03
199,00322,110540,AAPL,1,117,152.52
200,00323,110541,BAC,1,169,32.45
201,00324,110542,AAPL,1,132,151.42
202,00326,110543,BAC,1,382,34.84
203,00327,110544,MSFT,1,57,241.31
204,00331,110545,AAPL,1,462,152.48
205,00332,110546,MSFT,1,77,239.28
206,00334,110547,AAPL,1,252,152.19
207,00335,110548,AAPL,1,416,152.02
208,00336,110549,MSFT,1,8,237.48
209,00338,110550,AAPL,1,166,152.29
210,00339,110551,BAC,1,60,30.3
211,00341,110552,MSFT,1,198,237.64
212,00343,110553,BAC,1,375,32.47
213,00344,110554,BAC,1,185,34.88
214,00346,110555,BAC,1,186,30.02
215,00348,110556,BAC,1,439,33.37
216,00350,110557,BAC,1,206,32.75
217,00352,110558,AAPL,1,45,151.54
218,00353,110559,BAC,1,220,33.78
219,00355,110560,AAPL,1,126,152.36
220,00357,110561,MSFT,1,135,237.69
221,00358,110562,AAPL,1,144,150.88
222,00359,110563,MSFT,1,419,239.71
223,00360,110564,BAC,1,165,34.7
224,00362,110565,MSFT,1,483,241.27
225,00364,110566,BAC,1,326,31.21
226,00366,110567,MSFT,1,145,238.28
227,00368,110568,BAC,1,103,31.79
228,00370,110569,AAPL,1,176,151.25
229,00371,110570,BAC,1,114,31.87
230,00373,110571,MSFT,1,136,237
231,00374,110572,AAPL,1,473,151.33
232,00375,110573,AAPL,1,46,152.06
233,00376,110574,BAC,1,226,30.05
234,00378,110575,BAC,1,493,31.97
235,00380,110576,BAC,1,3,34.78
236,00382,110577,AAPL,1,5,152.02
237,00383,110578,BAC,1,154,31.98
238,00385,110579,MSFT,1,147,242.51
239,00386,110580,BAC,1,23,34.91
240,00388,110581,AAPL,1,254,151.32
241,00389,110582,AAPL,1,359,150.11
242,00391,110583,MSFT,1,158,237.35
243,00392,110584,BAC,1,205,34.9
244,00394,110585,AAPL,1,10,150.28
245,00396,110586,MSFT,1,164,238.12
246,00397,110587,AAPL,1,167,151.6
247,00399,110588,AAPL,1,213,151.37
248,00400,110589,BAC,1,410,33.5
249,00402,110590,BAC,1,341,30.44
250,00404,110591,MSFT,1,304,237.16
251,00405,110592,BAC,1,183,32.65
252,00407,110593,BAC,1,137,30.8
253,00409,110594,AAPL,1,289,151.68
254,00410,110595,MSFT,1,472,239.94
255,00411,110596,BAC,1,309,31.19
256,00413,110597,AAPL,1,32,150.19
257,00415,110598,BAC,1,384,31.07
258,00417,110599,BAC,1,1,31.71
259,00418,110600,AAPL,1,323,150.08
260,00420,110601,BAC,1,29,32.63
261,00422,110602,BAC,1,145,32.18
262,00423,110603,BAC,1,306,31.52
263,00427,110604,MSFT,1,120,242.49
264,00429,110605,BAC,1,164,34.28
265,00431,110606,BAC,1,32,33.59
266,00434,110607,AAPL,1,60,152.54
267,00436,110608,MSFT,1,394,240.79
268,00437,110609,AAPL,1,7,150.19
269,00439,110610,BAC,1,190,32.79
270,00441,110611,BAC,1,157,33.86
271,00443,110612,AAPL,1,140,151.44
272,00447,110613,MSFT,1,117,240.03
273,00449,110614,BAC,1,93,30.48
274,00451,110615,AAPL,1,396,152.49
275,00453,110616,AAPL,1,21,151.4
276,00455,110617,BAC,1,93,32.2
277,00457,110618,BAC,1,152,32.82
278,00461,110619,MSFT,1,422,237.25
279,00463,110620,BAC,1,303,32.19
280,00464,110621,AAPL,1,150,151.64
281,00466,110622,AAPL,1,111,150.5
282,00468,110623,AAPL,1,262,152.05
283,00470,110624,AAPL,1,108,150.47
284,00472,110625,BAC,1,379,33.05
285,00474,110626,MSFT,1,443,241.18
286,00476,110627,BAC,1,186,34.2
287,00478,110628,BAC,1,9,31.79
288,00480,110629,AAPL,1,253,150.89
289,00481,110630,MSFT,1,168,237.36
290,00482,110631,AAPL,1,405,152.56
291,00483,110632,BAC,1,296,34.28
292,00484,110633,BAC,1,80,31.42
293,00485,110634,AAPL,1,327,152.48
294,00487,110635,BAC,1,453,30.46
295,00488,110636,AAPL,1,50,150.6
296,00489,110637,MSFT,1,206,242.24
297,00493,110638,BAC,1,109,31.15
298,00494,110639,MSFT,1,340,242.61
299,00495,110640,MSFT,1,183,241.67
300,00496,110641,MSFT,1,284,240.59
301,00498,110642,BAC,1,491,32.83
302,00000,110643,MSFT,1,100,237.97
303,00008,110644,AAPL,1,102,152.78
304,00014,110645,BAC,1,217,33.67
305,00017,110646,MSFT,1,1,242.99
306,00018,110647,BAC,1,3,30.1
307,00020,110648,BAC,1,13,33.23
308,00025,110649,BAC,1,86,30.43
309,00034,110650,AAPL,1,14,150.29
310,00035,110651,BAC,1,56,31.52
311,00037,110652,MSFT,1,39,242.76
312,00039,110653,BAC,1,302,30.32
313,00041,110654,MSFT,1,264,239.81
314,00044,110655,BAC,1,320,33.74
315,00046,110656,BAC,1,73,31.75
316,00050,110657,BAC,1,180,32.87
317,00052,110658,AAPL,1,283,150.09
318,00054,110659,MSFT,1,285,242.55
319,00055,110660,AAPL,1,28,150.19
320,00057,110661,AAPL,1,144,151.32
321,00058,110662,MSFT,1,98,242.97
322,00060,110663,BAC,1,280,30.67
323,00062,110664,BAC,1,4,32.57
324,00064,110665,AAPL,1,147,151.96
325,00067,110666,BAC,1,80,33.34
326,00073,110667,BAC,1,438,33.95
327,00077,110668,MSFT,1,4,240.84
328,00082,110669,BAC,1,79,33.31
329,00083,110670,BAC,1,115,30.61
330,00084,110671,MSFT,1,78,237.08
331,00093,110672,MSFT,1,82,242.89
332,00095,110673,AAPL,1,38,152.61
333,00096,110674,MSFT,1,220,242.54
334,00098,110675,MSFT,1,1,238.53
335,00100,110676,AAPL,1,257,152.93
336,00104,110677,MSFT,1,138,242.71
337,00108,110678,AAPL,1,68,151.84
338,00110,110679,BAC,1,69,32.74
339,00113,110680,MSFT,1,74,238.29
340,00118,110681,MSFT,1,19,242.53
341,00120,110682,MSFT,1,46,240.12
342,00124,110683,BAC,1,15,34.58
343,00126,110684,BAC,1,2,31.44
344,00127,110685,BAC,1,18,33.57
345,00136,110686,MSFT,1,27,237.54
346,00144,110687,BAC,1,55,32.75
347,00148,110688,BAC,1,159,30.02
348,00153,110689,BAC,1,80,34.53
349,00155,110690,AAPL,1,283,150.29
350,00163,110691,MSFT,1,62,238.15
351,00164,110692,BAC,1,1,30.09
352,00166,110693,MSFT,1,231,242.88
353,00171,110694,BAC,1,23,33.57
354,00174,110695,MSFT,1,1,242.87
355,00176,110696,AAPL,1,13,152.3
356,00185,110697,BAC,1,398,33.16
357,00191,110698,MSFT,1,27,242.23
358,00195,110699,AAPL,1,85,150.87
359,00197,110700,BAC,1,274,33.62
360,00198,110701,BAC,1,198,34.24
361,00200,110702,AAPL,1,78,152.06
362,00203,110703,AAPL,1,7,152.28
363,00207,110704,BAC,1,69,34.17
364,00210,110705,MSFT,1,11,238.16
365,00214,110706,AAPL,1,202,151.91
366,00218,110707,BAC,1,64,34.65
367,00223,110708,BAC,1,27,30.55
368,00228,110709,AAPL,1,260,152.32
369,00229,110710,MSFT,1,110,240.04
370,00231,110711,MSFT,1,215,239.85
371,00233,110712,MSFT,1,158,237
372,00236,110713,AAPL,1,212,151.27
373,00238,110714,BAC,1,119,31.11
374,00239,110715,MSFT,1,123,238.28
375,00240,110716,BAC,1,62,33.46
376,00242,110717,BAC,1,43,32.57
377,00245,110718,BAC,1,39,30.33
378,00248,110719,BAC,1,397,33.71
379,00249,110720,BAC,1,128,33.26
380,00256,110721,BAC,1,142,31.36
381,00267,110722,AAPL,1,277,152.43
382,00271,110723,MSFT,1,9,237.96
383,00273,110724,BAC,1,63,32.87
384,00274,110725,MSFT,1,450,237.8
385,00276,110726,MSFT,1,39,242.43
386,00277,110727,BAC,1,196,30.72
387,00279,110728,BAC,1,44,31.42
388,00283,110729,MSFT,1,69,239.01
389,00285,110730,BAC,1,184,34.29
390,00286,110731,MSFT,1,57,240.08
391,00288,110732,AAPL,1,55,150.33
392,00291,110733,MSFT,1,15,242.83
393,00296,110734,AAPL,1,13,151.41
394,00303,110735,MSFT,1,13,237.16
395,00307,110736,MSFT,1,1,239.09
396,00309,110737,MSFT,1,27,240.45
397,00312,110738,BAC,1,263,30.89
398,00314,110739,MSFT,1,219,240.24
399,00315,110740,BAC,1,49,32.09
400,00319,110741,BAC,1,21,30.06
401,00321,110742,MSFT,1,77,240.93
402,00322,110743,AAPL,1,11,150.22
403,00326,110744,BAC,1,5,32.3
404,00327,110745,MSFT,1,56,237.12
405,00332,110746,MSFT,1,45,241.8
406,00336,110747,MSFT,1,316,237.25
407,00338,110748,AAPL,1,84,150.3
408,00339,110749,BAC,1,271,30.7
409,00341,110750,MSFT,1,30,239.45
410,00343,110751,BAC,1,64,32.63
411,00344,110752,BAC,1,271,33.98
412,00346,110753,BAC,1,176,30.16
413,00350,110754,BAC,1,196,30.82
414,00352,110755,AAPL,1,239,152.03
415,00355,110756,AAPL,1,134,150.71
416,00357,110757,MSFT,1,4,240.6
417,00358,110758,AAPL,1,157,150.62
418,00360,110759,BAC,1,123,30.19
419,00368,110760,BAC,1,64,32.97
420,00370,110761,AAPL,1,66,152.37
421,00371,110762,BAC,1,102,34.21
422,00375,110763,AAPL,1,57,151.86
423,00380,110764,BAC,1,352,30.8
424,00382,110765,AAPL,1,382,151.63
425,00385,110766,MSFT,1,95,237.58
426,00386,110767,BAC,1,13,30.24
427,00388,110768,AAPL,1,4,152.11
428,00391,110769,MSFT,1,78,238.61
429,00392,110770,BAC,1,115,34.76
430,00394,110771,AAPL,1,161,152.67
431,00396,110772,MSFT,1,44,241.38
432,00397,110773,AAPL,1,38,150.74
433,00399,110774,AAPL,1,44,151.31
434,00402,110775,BAC,1,74,32.11
435,00407,110776,BAC,1,36,33.88
436,00409,110777,AAPL,1,60,150.26
437,00411,110778,BAC,1,65,34.13
438,00413,110779,AAPL,1,194,150.51
439,00417,110780,BAC,1,218,32.23
440,00420,110781,BAC,1,124,32.42
441,00422,110782,BAC,1,102,30
442,00423,110783,BAC,1,60,30.3
443,00427,110784,MSFT,1,44,237.9
444,00429,110785,BAC,1,215,31.6
445,00431,110786,BAC,1,128,33.05
446,00434,110787,AAPL,1,440,152.44
447,00436,110788,MSFT,1,86,241.13
448,00437,110789,AAPL,1,337,152.26
449,00447,110790,MSFT,1,155,242.64
450,00449,110791,BAC,1,5,30.32
451,00453,110792,AAPL,1,150,152.37
452,00455,110793,BAC,1,363,31.56
453,00464,110794,AAPL,1,336,151.85
454,00472,110795,BAC,1,82,31.05
455,00476,110796,BAC,1,241,33.79
456,00478,110797,BAC,1,326,34.41
457,00484,110798,BAC,1,37,32.72
458,00485,110799,AAPL,1,110,150.68
459,00488,110800,AAPL,1,66,151.11
460,00493,110801,BAC,1,183,31.05
461,00500,110802,AAPL,1,122,150.53
462,00502,110803,MSFT,1,274,238.98
463,00503,110804,BAC,1,147,33.3
464,00504,110805,AAPL,1,89,150.31
465,00505,110806,AAPL,1,438,150.38
466,00507,110807,AAPL,1,493,150.23
467,00509,110808,AAPL,1,388,152.28
468,00511,110809,MSFT,1,256,241.4
469,00512,110810,AAPL,1,131,152.51
470,00513,110811,MSFT,1,167,242.65
471,00514,110812,BAC,1,149,31.62
472,00516,110813,BAC,1,10,34.21
473,00517,110814,BAC,1,391,33.59
474,00520,110815,BAC,1,428,30.43
475,00522,110816,MSFT,1,473,242.79
476,00524,110817,MSFT,1,182,238.15
477,00526,110818,AAPL,1,313,152.4
478,00527,110819,MSFT,1,20,237.19
479,00529,110820,MSFT,1,424,238.93
480,00531,110821,BAC,1,36,32.76
481,00532,110822,MSFT,1,385,242.15
482,00533,110823,BAC,1,408,30.86
483,00534,110824,BAC,1,56,34.6
484,00535,110825,AAPL,1,460,152.76
485,00537,110826,MSFT,1,276,238
486,00539,110827,BAC,1,316,31.09
487,00541,110828,BAC,1,244,33.86
488,00543,110829,AAPL,1,397,152.3
489,00545,110830,BAC,1,396,31.41
490,00547,110831,MSFT,1,309,242.47
491,00548,110832,AAPL,1,87,151.56
492,00550,110833,BAC,1,172,33.05
493,00551,110834,AAPL,1,230,150.5
494,00552,110835,AAPL,1,191,151.2
495,00553,110836,BAC,1,178,33.69
496,00554,110837,BAC,1,226,30.67
497,00555,110838,AAPL,1,109,152.01
498,00557,110839,AAPL,1,343,151.12
499,00558,110840,BAC,1,310,31.62
500,00562,110841,BAC,1,193,34.44
501,00564,110842,MSFT,1,32,238.33
502,00566,110843,MSFT,1,145,238.28
503,00568,110844,AAPL,1,147,150.37
504,00569,110845,AAPL,1,188,152.6
505,00571,110846,BAC,1,288,31.18
506,00573,110847,MSFT,1,92,237.97
507,00575,110848,BAC,1,312,33.38
508,00578,110849,MSFT,1,435,240.42
509,00579,110850,BAC,1,42,30.4
510,00580,110851,AAPL,1,228,150.21
511,00581,110852,MSFT,1,217,241.13
512,00582,110853,MSFT,1,233,242.14
513,00583,110854,MSFT,1,56,240.84
514,00585,110855,AAPL,1,166,150.69
515,00586,110856,AAPL,1,111,150.34
516,00587,110857,AAPL,1,257,150.9
517,00589,110858,BAC,1,16,30.09
518,00590,110859,AAPL,1,193,150.92
519,00591,110860,BAC,1,301,33.14
520,00592,110861,AAPL,1,497,150.46
521,00593,110862,BAC,1,424,34.07
522,00595,110863,BAC,1,95,32.79
523,00597,110864,AAPL,1,132,150.2
524,00598,110865,MSFT,1,270,237.69
525,00600,110866,MSFT,1,293,241.02
526,00602,110867,BAC,1,301,34.62
527,00604,110868,MSFT,1,221,238
528,00606,110869,AAPL,1,401,150.69
529,00608,110870,AAPL,1,99,151.35
530,00610,110871,MSFT,1,96,238.77
531,00612,110872,MSFT,1,429,239.49
532,00617,110873,AAPL,1,110,152.45
533,00619,110874,BAC,1,112,34.04
534,00621,110875,AAPL,1,313,152.53
535,00623,110876,MSFT,1,61,239.32
536,00626,110877,AAPL,1,130,150.43
537,00630,110878,MSFT,1,39,242.49
538,00632,110879,AAPL,1,144,152.1
539,00633,110880,BAC,1,438,32.98
540,00635,110881,MSFT,1,309,239.5
541,00637,110882,MSFT,1,109,240.71
542,00639,110883,AAPL,1,71,152.13
543,00642,110884,MSFT,1,439,239.81
544,00644,110885,AAPL,1,172,150.53
545,00646,110886,AAPL,1,100,151.58
546,00647,110887,MSFT,1,191,238.95
547,00648,110888,AAPL,1,308,151.91
548,00649,110889,AAPL,1,187,151.85
549,00651,110890,AAPL,1,162,151.13
550,00652,110891,BAC,1,268,32.78
551,00653,110892,MSFT,1,413,239.35
552,00655,110893,BAC,1,230,32.02
553,00657,110894,BAC,1,187,33.63
554,00659,110895,AAPL,1,327,150.69
555,00660,110896,BAC,1,116,30.28
556,00662,110897,BAC,1,78,30.92
557,00663,110898,AAPL,1,154,152.38
558,00665,110899,MSFT,1,281,240.2
559,00667,110900,AAPL,1,219,150.12
560,00668,110901,BAC,1,168,30.6
561,00669,110902,BAC,1,491,31.32
562,00670,110903,MSFT,1,271,241.48
563,00671,110904,MSFT,1,257,240.61
564,00673,110905,AAPL,1,127,150.58
565,00677,110906,AAPL,1,122,152.76
566,00679,110907,BAC,1,130,31.22
567,00680,110908,AAPL,1,316,150.3
568,00682,110909,AAPL,1,204,151.89
569,00683,110910,MSFT,1,65,237.46
570,00686,110911,MSFT,1,470,238.19
571,00687,110912,BAC,1,234,30.51
572,00688,110913,BAC,1,52,34.55
573,00689,110914,MSFT,1,380,242.5
574,00691,110915,MSFT,1,366,241.66
575,00693,110916,MSFT,1,343,238.79
576,00694,110917,AAPL,1,376,151.45
577,00695,110918,AAPL,1,144,150.72
578,00696,110919,AAPL,1,28,152
579,00698,110920,AAPL,1,4,150.07
580,00700,110921,BAC,1,247,32.39
581,00702,110922,AAPL,1,143,152.99
582,00708,110923,AAPL,1,168,151.12
583,00709,110924,BAC,1,450,30.84
584,00710,110925,AAPL,1,275,152.76
585,00712,110926,BAC,1,475,31.39
586,00714,110927,MSFT,1,70,238.98
587,00715,110928,MSFT,1,324,239.97
588,00717,110929,AAPL,1,147,151.92
589,00719,110930,BAC,1,186,34.08
590,00721,110931,AAPL,1,102,150.83
591,00724,110932,AAPL,1,23,150.34
592,00726,110933,MSFT,1,169,239.57
593,00728,110934,MSFT,1,384,239.94
594,00729,110935,MSFT,1,24,239.03
595,00730,110936,BAC,1,150,34.58
596,00731,110937,AAPL,1,223,151.1
597,00735,110938,MSFT,1,416,237.74
598,00736,110939,MSFT,1,18,240.72
599,00738,110940,AAPL,1,251,152.48
600,00742,110941,BAC,1,224,31.63
601,00744,110942,BAC,1,22,31.85
602,00746,110943,MSFT,1,81,238.4
603,00748,110944,AAPL,1,216,150.96
604,00750,110945,MSFT,1,140,238.24
605,00753,110946,AAPL,1,78,150.91
606,00755,110947,MSFT,1,248,239.35
607,00757,110948,AAPL,1,97,152.2
608,00759,110949,BAC,1,76,34.81
609,00760,110950,AAPL,1,217,152.35
610,00762,110951,MSFT,1,133,240.26
611,00764,110952,BAC,1,109,34.93
612,00766,110953,AAPL,1,115,150.01
613,00769,110954,MSFT,1,184,242.33
614,00771,110955,MSFT,1,40,238.89
615,00772,110956,AAPL,1,95,150
616,00773,110957,MSFT,1,179,237.14
617,00774,110958,MSFT,1,375,238.77
618,00776,110959,BAC,1,183,30.35
619,00777,110960,BAC,1,30,32.29
620,00778,110961,MSFT,1,482,240.37
621,00779,110962,MSFT,1,159,237.74
622,00780,110963,AAPL,1,241,152.84
623,00782,110964,MSFT,1,150,237.33
624,00784,110965,MSFT,1,161,238.88
625,00786,110966,MSFT,1,366,240.81
626,00787,110967,AAPL,1,141,152.38
627,00789,110968,MSFT,1,211,237.8
628,00790,110969,BAC,1,4,34.56
629,00791,110970,BAC,1,62,32.43
630,00792,110971,BAC,1,165,31.58
631,00794,110972,MSFT,1,157,237.61
632,00795,110973,MSFT,1,423,238.13
633,00796,110974,MSFT,1,182,242.14
634,00797,110975,AAPL,1,180,150.61
635,00799,110976,BAC,1,308,34.34
636,00801,110977,AAPL,1,481,152.11
637,00803,110978,BAC,1,475,32.09
638,00804,110979,AAPL,1,119,150.14
639,00808,110980,AAPL,1,96,151.66
640,00809,110981,BAC,1,62,34.58
641,00811,110982,BAC,1,396,31.04
642,00813,110983,BAC,1,289,33.37
643,00815,110984,BAC,1,102,34.46
644,00816,110985,MSFT,1,185,242.69
645,00817,110986,AAPL,1,203,152.65
646,00818,110987,MSFT,1,117,240.89
647,00819,110988,AAPL,1,38,151.86
648,00821,110989,BAC,1,32,31.95
649,00823,110990,AAPL,1,139,151.27
650,00824,110991,BAC,1,255,33.4
651,00826,110992,MSFT,1,60,238.39
652,00827,110993,MSFT,1,392,241.16
653,00829,110994,MSFT,1,122,241.12
654,00831,110995,BAC,1,100,31.64
655,00833,110996,MSFT,1,264,240.86
656,00835,110997,BAC,1,263,34.32
657,00837,110998,MSFT,1,168,237.72
658,00838,110999,MSFT,1,290,237.08
659,00839,111000,AAPL,1,372,152.65
660,00840,111001,AAPL,1,89,151.71
661,00842,111002,AAPL,1,25,150.59
662,00843,111003,MSFT,1,107,242.06
663,00845,111004,BAC,1,66,34.53
664,00846,111005,BAC,1,54,32.72
665,00847,111006,MSFT,1,219,239.8
666,00848,111007,MSFT,1,163,242.84
667,00849,111008,MSFT,1,240,240.1
668,00851,111009,MSFT,1,263,238.89
669,00853,111010,AAPL,1,12,152.79
670,00855,111011,AAPL,1,97,152.62
671,00857,111012,AAPL,1,411,152.89
672,00858,111013,BAC,1,107,30.77
673,00861,111014,BAC,1,355,34.82
674,00862,111015,MSFT,1,358,237.64
675,00863,111016,BAC,1,71,32.73
676,00865,111017,AAPL,1,307,152.04
677,00866,111018,AAPL,1,199,151.54
678,00869,111019,AAPL,1,37,152.29
679,00870,111020,MSFT,1,108,239.26
680,00872,111021,BAC,1,158,31.4
681,00874,111022,MSFT,1,230,240.8
682,00876,111023,MSFT,1,175,241.39
683,00878,111024,AAPL,1,367,150.84
684,00880,111025,BAC,1,153,33.24
685,00881,111026,MSFT,1,150,237.2
686,00883,111027,AAPL,1,496,151.54
687,00884,111028,AAPL,1,34,152.43
688,00885,111029,AAPL,1,205,152.47
689,00886,111030,AAPL,1,338,152.08
690,00888,111031,MSFT,1,135,242.88
691,00890,111032,MSFT,1,381,237.9
692,00891,111033,MSFT,1,187,238.25
693,00893,111034,BAC,1,331,34.9
694,00895,111035,AAPL,1,282,151.29
695,00897,111036,AAPL,1,314,151.44
696,00899,111037,AAPL,1,129,151.06
697,00900,111038,MSFT,1,141,237.42
698,00901,111039,MSFT,1,125,240.79
699,00904,111040,MSFT,1,226,238.56
700,00906,111041,BAC,1,247,34.28
701,00908,111042,AAPL,1,128,150.53
702,00910,111043,MSFT,1,89,240.92
703,00912,111044,BAC,1,229,34.06
704,00914,111045,MSFT,1,38,241.38
705,00916,111046,AAPL,1,178,152.99
706,00918,111047,BAC,1,309,33.85
707,00919,111048,MSFT,1,342,241.04
708,00921,111049,AAPL,1,483,152.22
709,00924,111050,BAC,1,278,34.77
710,00926,111051,AAPL,1,17,152.56
711,00927,111052,BAC,1,258,33.63
712,00928,111053,BAC,1,5,33.97
713,00929,111054,BAC,1,247,32.81
714,00930,111055,BAC,1,360,32.59
715,00931,111056,BAC,1,196,31.2
716,00932,111057,BAC,1,413,34.17
717,00934,111058,BAC,1,307,31.82
718,00937,111059,MSFT,1,208,240.47
719,00938,111060,AAPL,1,78,151.55
720,00940,111061,AAPL,1,78,152.28
721,00941,111062,BAC,1,198,34.12
722,00942,111063,MSFT,1,121,238.72
723,00944,111064,BAC,1,248,31.79
724,00945,111065,AAPL,1,269,151.81
725,00947,111066,BAC,1,126,33.36
726,00949,111067,AAPL,1,417,150.86
727,00951,111068,MSFT,1,121,242.12
728,00952,111069,BAC,1,440,33.47
729,00954,111070,BAC,1,365,30.36
730,00959,111071,AAPL,1,143,152.63
731,00961,111072,MSFT,1,276,241.72
732,00963,111073,BAC,1,165,33.83
733,00964,111074,MSFT,1,156,242.43
734,00965,111075,MSFT,1,107,239.02
735,00967,111076,MSFT,1,23,242.08
736,00969,111077,MSFT,1,108,241.15
737,00970,111078,MSFT,1,104,238.27
738,00971,111079,BAC,1,217,30.6
739,00972,111080,MSFT,1,453,237.93
740,00974,111081,AAPL,1,198,150.79
741,00975,111082,MSFT,1,279,237.38
742,00977,111083,MSFT,1,358,239.4
743,00978,111084,BAC,1,35,34.3
744,00979,111085,BAC,1,267,33.87
745,00980,111086,BAC,1,231,30.68
746,00982,111087,AAPL,1,102,152.95
747,00984,111088,AAPL,1,225,151.23
748,00985,111089,BAC,1,404,30.94
749,00986,111090,MSFT,1,129,240.3
750,00987,111091,AAPL,1,65,152.47
751,00988,111092,BAC,1,83,32.78
752,00989,111093,MSFT,1,156,241.82
753,00990,111094,AAPL,1,408,151.66
754,00991,111095,AAPL,1,106,150.1
755,00993,111096,BAC,1,396,31.55
756,00995,111097,MSFT,1,245,238.15
757,00997,111098,AAPL,1,390,151.34
758,00999,111099,AAPL,1,115,150.78
759,01001,111100,AAPL,1,344,151.95
760,01002,111101,AAPL,1,388,151.14
761,01004,111102,BAC,1,328,32.03
762,01005,111103,AAPL,1,323,151.33
763,01007,111104,MSFT,1,113,238.23
764,01008,111105,MSFT,1,87,241.28
765,01009,111106,MSFT,1,77,242.58
766,01010,111107,MSFT,1,65,241.95
767,01012,111108,AAPL,1,164,152.15
768,01014,111109,AAPL,1,256,152.74
769,01016,111110,BAC,1,271,32.13
770,01017,111111,BAC,1,97,31.5
771,01018,111112,AAPL,1,155,151.72
772,01020,111113,AAPL,1,370,150.76
773,01023,111114,BAC,1,13,33.14
774,01024,111115,MSFT,1,220,241.55
775,01026,111116,MSFT,1,93,237.24
776,01027,111117,MSFT,1,259,240.16
777,01030,111118,MSFT,1,268,237.05
778,01031,111119,AAPL,1,437,150.2
779,01032,111120,AAPL,1,163,151.55
780,01033,111121,MSFT,1,75,242.17
781,01035,111122,MSFT,1,230,239.87
782,01036,111123,BAC,1,253,33.3
783,01038,111124,BAC,1,227,32.67
784,01040,111125,MSFT,1,196,242.09
785,01041,111126,MSFT,1,294,237.24
786,01043,111127,AAPL,1,307,151.3
787,01044,111128,BAC,1,453,30.63
788,01045,111129,AAPL,1,356,151.04
789,01046,111130,AAPL,1,262,151.85
790,01047,111131,BAC,1,184,30.54
791,01048,111132,BAC,1,276,31.29
792,01050,111133,BAC,1,498,33.24
793,01052,111134,MSFT,1,268,242.79
794,01053,111135,AAPL,1,253,152.79
795,01055,111136,MSFT,1,231,237.6
796,01059,111137,AAPL,1,270,152.04
797,01061,111138,MSFT,1,111,238.7
798,01063,111139,MSFT,1,232,241.3
799,01064,111140,BAC,1,158,34.42
800,01065,111141,MSFT,1,58,241.87
801,01066,111142,MSFT,1,161,237.03
802,01068,111143,MSFT,1,174,241.73
803,01070,111144,MSFT,1,304,241.24
804,01072,111145,BAC,1,91,32.65
805,01074,111146,MSFT,1,418,238.36
806,01076,111147,AAPL,1,141,152.78
807,01078,111148,BAC,1,90,33.2
808,01079,111149,MSFT,1,154,240.52
809,01080,111150,MSFT,1,62,242.05
810,01081,111151,BAC,1,203,31.72
811,01084,111152,MSFT,1,341,237.38
812,01086,111153,BAC,1,216,32.97
813,01088,111154,AAPL,1,171,150.87
814,01089,111155,BAC,1,8,33.96
815,01091,111156,AAPL,1,65,150.95
816,01092,111157,AAPL,1,196,151.69
817,01094,111158,AAPL,1,350,152.45
818,01098,111159,MSFT,1,212,241.04
819,01100,111160,AAPL,1,457,152.08
820,01101,111161,BAC,1,195,34.18
821,01102,111162,BAC,1,427,30.59
822,01103,111163,BAC,1,291,30.8
823,01105,111164,BAC,1,247,33.02
824,01107,111165,MSFT,1,262,242.91
825,01108,111166,MSFT,1,180,240.16
826,01109,111167,MSFT,1,351,240.44
827,01112,111168,MSFT,1,233,238.24
828,01114,111169,MSFT,1,396,237.41
829,01116,111170,BAC,1,379,34.42
830,01118,111171,BAC,1,141,34.81
831,01120,111172,BAC,1,333,30.54
832,01121,111173,BAC,1,69,31.51
833,01123,111174,AAPL,1,54,152.64
834,01124,111175,MSFT,1,39,237.29
835,01127,111176,MSFT,1,483,238.56
836,01129,111177,MSFT,1,385,242.29
837,01131,111178,MSFT,1,208,242.84
838,01134,111179,BAC,1,164,30.68
839,01135,111180,MSFT,1,52,238.32
840,01136,111181,MSFT,1,158,240.39
841,01138,111182,MSFT,1,373,239.22
842,01139,111183,BAC,1,239,34.75
843,01141,111184,MSFT,1,149,240.2
844,01143,111185,BAC,1,148,34.67
845,01144,111186,AAPL,1,17,152.42
846,01145,111187,MSFT,1,161,237.26
847,01146,111188,MSFT,1,398,237.33
848,01147,111189,BAC,1,411,31.28
849,01149,111190,BAC,1,103,33.25
850,01150,111191,MSFT,1,436,241.59
851,01151,111192,BAC,1,132,30.12
852,01153,111193,AAPL,1,293,150.37
853,01157,111194,MSFT,1,490,238.78
854,01159,111195,MSFT,1,151,237.93
855,01160,111196,BAC,1,42,33.89
856,01162,111197,AAPL,1,178,150.23
857,01163,111198,BAC,1,320,34.89
858,01166,111199,AAPL,1,338,152.45
859,01168,111200,AAPL,1,100,151.57
860,01170,111201,AAPL,1,460,152.43
861,01171,111202,MSFT,1,249,240.07
862,01172,111203,MSFT,1,205,237.14
863,01173,111204,BAC,1,473,30.24
864,01175,111205,BAC,1,226,32.13
865,01179,111206,MSFT,1,265,240.11
866,01180,111207,MSFT,1,307,242.31
867,01182,111208,AAPL,1,158,150.92
868,01184,111209,BAC,1,429,32.41
869,01185,111210,MSFT,1,247,238.23
870,01187,111211,AAPL,1,158,152.01
871,01189,111212,BAC,1,239,33.88
872,01191,111213,MSFT,1,253,240.9
873,01192,111214,AAPL,1,252,152.8
874,01194,111215,BAC,1,379,32.9
875,01195,111216,BAC,1,190,34.81
876,01198,111217,BAC,1,481,31.26
877,01200,111218,MSFT,1,201,237.09
878,01201,111219,MSFT,1,38,239.58
879,01202,111220,MSFT,1,419,239.37
880,01204,111221,AAPL,1,132,150.18
881,01208,111222,AAPL,1,280,152.38
882,01211,111223,BAC,1,309,33.74
883,01212,111224,BAC,1,63,34.36
884,01214,111225,MSFT,1,167,242
885,01216,111226,AAPL,1,490,151.88
886,01217,111227,BAC,1,335,30.58
887,01219,111228,BAC,1,112,34.02
888,01221,111229,MSFT,1,134,242.61
889,01223,111230,AAPL,1,451,152.18
890,01224,111231,MSFT,1,419,242.46
891,01226,111232,AAPL,1,24,150.3
892,01227,111233,AAPL,1,203,151.08
893,01229,111234,BAC,1,300,33.17
894,01230,111235,MSFT,1,446,240.12
895,01232,111236,AAPL,1,320,151.9
896,01233,111237,AAPL,1,500,152.73
897,01235,111238,MSFT,1,78,241.98
898,01237,111239,MSFT,1,283,241.26
899,01240,111240,MSFT,1,47,241.95
900,01242,111241,BAC,1,116,33.22
901,01244,111242,BAC,1,299,32
902,01245,111243,MSFT,1,116,237.6
903,01246,111244,MSFT,1,201,240.21
904,01247,111245,BAC,1,124,31.15
905,01248,111246,BAC,1,178,33.93
906,01249,111247,MSFT,1,401,242.49
907,01250,111248,BAC,1,328,33.97
908,01252,111249,AAPL,1,429,150.5
909,01254,111250,BAC,1,241,34.51
910,01255,111251,BAC,1,99,34.37
911,01257,111252,BAC,1,257,30.65
912,01258,111253,AAPL,1,217,152.01
913,01259,111254,MSFT,1,432,237.33
914,01261,111255,MSFT,1,46,238.21
915,01263,111256,MSFT,1,134,239.6
916,01264,111257,AAPL,1,117,152.45
917,01265,111258,AAPL,1,97,151.63
918,01266,111259,BAC,1,85,34.13
919,01267,111260,BAC,1,234,34.47
920,01269,111261,AAPL,1,244,150
921,01271,111262,AAPL,1,121,151.61
922,01273,111263,MSFT,1,357,240.9
923,01274,111264,AAPL,1,11,150.21
924,01275,111265,MSFT,1,377,238.09
925,01277,111266,AAPL,1,40,151.34
926,01279,111267,BAC,1,184,32.32
927,01281,111268,AAPL,1,462,150.21
928,01283,111269,BAC,1,278,33.15
929,01285,111270,AAPL,1,144,150.41
930,01287,111271,AAPL,1,251,152.76
931,01289,111272,AAPL,1,334,150.79
932,01290,111273,MSFT,1,326,241.25
933,01291,111274,MSFT,1,201,240.36
934,01293,111275,BAC,1,185,30.88
935,01295,111276,MSFT,1,199,241.04
936,01297,111277,BAC,1,192,30.9
937,01298,111278,AAPL,1,220,150.23
938,01300,111279,MSFT,1,283,237.27
939,01302,111280,MSFT,1,365,240.96
940,01303,111281,BAC,1,276,32.29
941,01305,111282,AAPL,1,7,150.93
942,01307,111283,MSFT,1,438,241.33
943,01308,111284,AAPL,1,153,151.76
944,01310,111285,BAC,1,112,31.43
945,01311,111286,AAPL,1,299,152.15
946,01313,111287,BAC,1,6,30.31
947,01314,111288,AAPL,1,184,151.73
948,01316,111289,BAC,1,230,32.81
949,01318,111290,BAC,1,163,32.93
950,01320,111291,MSFT,1,100,237.09
951,01322,111292,MSFT,1,155,239.2
952,01324,111293,BAC,1,13,33.39
953,01325,111294,MSFT,1,172,242.11
954,01327,111295,MSFT,1,192,237.79
955,01328,111296,BAC,1,311,32.81
956,01329,111297,BAC,1,309,30.64
957,01331,111298,AAPL,1,485,150.36
958,01333,111299,MSFT,1,337,241.21
959,01334,111300,MSFT,1,490,239.65
960,01336,111301,MSFT,1,204,241.93
961,01337,111302,AAPL,1,300,152.74
962,01338,111303,AAPL,1,64,152.47
963,01340,111304,AAPL,1,156,152.77
964,01342,111305,BAC,1,354,32.87
965,01344,111306,MSFT,1,126,241.64
966,01345,111307,MSFT,1,180,238.59
967,01346,111308,MSFT,1,234,238.48
968,01347,111309,BAC,1,284,32.95
969,01348,111310,MSFT,1,161,238.15
970,01351,111311,MSFT,1,104,242.05
971,01352,111312,BAC,1,204,33.98
972,01355,111313,BAC,1,44,30.03
973,01356,111314,BAC,1,93,32.2
974,01357,111315,MSFT,1,175,237.69
975,01358,111316,BAC,1,218,31.57
976,01359,111317,AAPL,1,124,151.12
977,01360,111318,MSFT,1,145,237.73
978,01361,111319,BAC,1,141,32.69
979,01364,111320,MSFT,1,152,241.06
980,01365,111321,MSFT,1,70,240.5
981,01366,111322,AAPL,1,369,152.07
982,01368,111323,MSFT,1,184,237.25
983,01369,111324,BAC,1,4,34.29
984,01370,111325,BAC,1,381,32.39
985,01372,111326,MSFT,1,74,240.3
986,01373,111327,BAC,1,336,32.97
987,01374,111328,MSFT,1,121,240.16
988,01376,111329,AAPL,1,256,152.4
989,01378,111330,BAC,1,216,34.02
990,01380,111331,MSFT,1,23,237.56
991,01382,111332,MSFT,1,354,241.08
992,01383,111333,AAPL,1,133,152.3
993,01384,111334,AAPL,1,318,151.52
994,01386,111335,BAC,1,122,34.34
995,01388,111336,BAC,1,61,30.98
996,01389,111337,AAPL,1,464,151.01
997,01390,111338,BAC,1,147,34.66
998,01394,111339,MSFT,1,357,237.51
999,01395,111340,BAC,1,477,33.11
1000,01396,111341,BAC,1,276,33.55
1001,01398,111342,BAC,1,379,30.3
1002,01401,111343,BAC,1,122,33.8
1003,01402,111344,BAC,1,297,30.53
1004,01403,111345,MSFT,1,348,237.19
1005,01405,111346,BAC,1,287,33.09
1006,01406,111347,AAPL,1,197,151.2
1007,01408,111348,BAC,1,417,33.75
1008,01409,111349,MSFT,1,256,241.62
1009,01410,111350,BAC,1,422,30.78
1010,01412,111351,MSFT,1,271,237.16
1011,01415,111352,MSFT,1,216,241.98
1012,01416,111353,AAPL,1,257,151.34
1013,01418,111354,MSFT,1,322,241.05
1014,01420,111355,AAPL,1,459,152.59
1015,01422,111356,MSFT,1,211,239.61
1016,01424,111357,AAPL,1,142,151.4
1017,01426,111358,MSFT,1,485,241.16
1018,01428,111359,BAC,1,486,30.83
1019,01430,111360,MSFT,1,234,240.74
1020,01433,111361,AAPL,1,408,152.57
1021,01434,111362,AAPL,1,199,150.38
1022,01435,111363,BAC,1,32,31.59
1023,01436,111364,AAPL,1,401,151.63
1024,01441,111365,AAPL,1,287,152.36
1025,01443,111366,MSFT,1,150,242.87
1026,01445,111367,BAC,1,90,34.09
1027,01446,111368,MSFT,1,191,241.82
1028,01448,111369,MSFT,1,205,241.73
1029,01450,111370,AAPL,1,272,151.87
1030,01451,111371,MSFT,1,198,237.52
1031,01452,111372,MSFT,1,337,237.37
1032,01454,111373,BAC,1,160,33.66
1033,01456,111374,AAPL,1,58,152
1034,01458,111375,AAPL,1,13,150.53
1035,01459,111376,MSFT,1,169,239.63
1036,01461,111377,AAPL,1,239,151.83
1037,01463,111378,AAPL,1,379,150.79
1038,01465,111379,AAPL,1,371,151.83
1039,01466,111380,AAPL,1,135,150.84
1040,01467,111381,MSFT,1,120,242.9
1041,01469,111382,BAC,1,272,34.93
1042,01470,111383,BAC,1,161,33.51
1043,01472,111384,BAC,1,255,32.58
1044,01473,111385,MSFT,1,41,240.53
1045,01475,111386,BAC,1,10,34.79
1046,01476,111387,BAC,1,103,33.91
1047,01480,111388,BAC,1,471,32.09
1048,01482,111389,MSFT,1,70,240.22
1049,01483,111390,BAC,1,265,32.82
1050,01485,111391,MSFT,1,199,241.48
1051,01486,111392,BAC,1,203,34.93
1052,01488,111393,MSFT,1,496,240.82
1053,01489,111394,MSFT,1,176,238.35
1054,01491,111395,AAPL,1,101,151.83
1055,01493,111396,BAC,1,52,32.1
1056,01495,111397,BAC,1,209,31.02
1057,01496,111398,BAC,1,473,30.6
1058,01497,111399,MSFT,1,300,238.55
1059,01498,111400,AAPL,1,432,150.67
1060,01499,111401,BAC,1,283,31.7
1061,01501,111402,MSFT,1,186,241.23
1062,01502,111403,MSFT,1,96,242.69
1063,01503,111404,AAPL,1,111,151.25
1064,01505,111405,AAPL,1,160,151.53
1065,01507,111406,MSFT,1,193,237.85
1066,01509,111407,AAPL,1,280,150.92
1067,01511,111408,AAPL,1,441,150.71
1068,01515,111409,MSFT,1,216,242.47
1069,01517,111410,AAPL,1,399,150.68
1070,01518,111411,MSFT,1,146,242.81
1071,01520,111412,MSFT,1,320,237.38
1072,01523,111413,AAPL,1,146,150.11
1073,00008,111414,AAPL,1,7,150.74
1074,00017,111415,MSFT,1,58,237.26
1075,00018,111416,BAC,1,3,34.69
1076,00020,111417,BAC,1,36,32.57
1077,00037,111418,MSFT,1,52,241.19
1078,00041,111419,MSFT,1,24,239.85
1079,00052,111420,AAPL,1,11,152.37
1080,00055,111421,AAPL,1,63,151.73
1081,00062,111422,BAC,1,103,34.49
1082,00067,111423,BAC,1,249,31.07
1083,00077,111424,MSFT,1,1,239.63
1084,00083,111425,BAC,1,130,30.81
1085,00093,111426,MSFT,1,18,240.56
1086,00095,111427,AAPL,1,20,150.41
1087,00096,111428,MSFT,1,7,238.76
1088,00098,111429,MSFT,1,15,239.38
1089,00108,111430,AAPL,1,25,152.62
1090,00110,111431,BAC,1,37,32.34
1091,00118,111432,MSFT,1,6,237.28
1092,00120,111433,MSFT,1,204,237.61
1093,00124,111434,BAC,1,4,32.22
1094,00126,111435,BAC,1,11,33.27
1095,00127,111436,BAC,1,12,34.4
1096,00136,111437,MSFT,1,25,238.61
1097,00144,111438,BAC,1,7,31.79
1098,00155,111439,AAPL,1,49,150.89
1099,00164,111440,BAC,1,27,30.37
1100,00166,111441,MSFT,1,15,239.17
1101,00171,111442,BAC,1,7,33.41
1102,00176,111443,AAPL,1,35,150.17
1103,00191,111444,MSFT,1,249,238.47
1104,00200,111445,AAPL,1,42,151.54
1105,00203,111446,AAPL,1,110,150.99
1106,00210,111447,MSFT,1,25,240.22
1107,00218,111448,BAC,1,146,33.02
1108,00223,111449,BAC,1,157,30.24
1109,00228,111450,AAPL,1,21,150.2
1110,00229,111451,MSFT,1,15,239.53
1111,00236,111452,AAPL,1,78,151.92
1112,00238,111453,BAC,1,93,34.65
1113,00239,111454,MSFT,1,14,240.73
1114,00240,111455,BAC,1,58,33.88
1115,00242,111456,BAC,1,117,31.27
1116,00249,111457,BAC,1,68,32.11
1117,00267,111458,AAPL,1,17,151.7
1118,00271,111459,MSFT,1,94,240.98
1119,00276,111460,MSFT,1,23,241.72
1120,00277,111461,BAC,1,22,31.95
1121,00279,111462,BAC,1,49,33.38
1122,00288,111463,AAPL,1,50,150.33
1123,00296,111464,AAPL,1,20,152.79
1124,00303,111465,MSFT,1,2,238.7
1125,00307,111466,MSFT,1,14,241.7
1126,00309,111467,MSFT,1,54,241.74
1127,00314,111468,MSFT,1,32,240.3
1128,00315,111469,BAC,1,14,31.92
1129,00321,111470,MSFT,1,130,237.8
1130,00322,111471,AAPL,1,1,150.29
1131,00327,111472,MSFT,1,109,239.64
1132,00332,111473,MSFT,1,102,237.71
1133,00336,111474,MSFT,1,18,242.57
1134,00339,111475,BAC,1,73,34.65
1135,00341,111476,MSFT,1,59,238.46
1136,00346,111477,BAC,1,2,32.38
1137,00355,111478,AAPL,1,40,152.39
1138,00357,111479,MSFT,1,12,241.27
1139,00370,111480,AAPL,1,69,152.28
1140,00385,111481,MSFT,1,52,238.97
1141,00386,111482,BAC,1,104,30.38
1142,00396,111483,MSFT,1,184,238.23
1143,00399,111484,AAPL,1,119,151.56
1144,00409,111485,AAPL,1,4,151.99
1145,00417,111486,BAC,1,2,32.81
1146,00422,111487,BAC,1,61,31.12
1147,00427,111488,MSFT,1,69,241.47
1148,00449,111489,BAC,1,67,33.99
1149,00453,111490,AAPL,1,192,150.23
1150,00478,111491,BAC,1,48,31.87
1151,00484,111492,BAC,1,34,30.08
1152,00502,111493,MSFT,1,152,238.24
1153,00504,111494,AAPL,1,70,152.39
1154,00511,111495,MSFT,1,53,238.77
1155,00513,111496,MSFT,1,27,242.18
1156,00516,111497,BAC,1,109,32.97
1157,00520,111498,BAC,1,26,32.34
1158,00524,111499,MSFT,1,46,239.59
1159,00527,111500,MSFT,1,84,242.47
1160,00531,111501,BAC,1,83,30.77
1161,00534,111502,BAC,1,152,34.66
1162,00541,111503,BAC,1,38,32.65
1163,00547,111504,MSFT,1,33,239.29
1164,00548,111505,AAPL,1,113,152.33
1165,00550,111506,BAC,1,90,30.28
1166,00551,111507,AAPL,1,52,150.97
1167,00552,111508,AAPL,1,69,152.4
1168,00553,111509,BAC,1,105,31.4
1169,00554,111510,BAC,1,63,33.26
1170,00555,111511,AAPL,1,31,152.79
1171,00562,111512,BAC,1,9,30.57
1172,00564,111513,MSFT,1,66,238.88
1173,00566,111514,MSFT,1,130,237.91
1174,00571,111515,BAC,1,75,32.53
1175,00573,111516,MSFT,1,173,239.47
1176,00575,111517,BAC,1,16,33.61
1177,00579,111518,BAC,1,120,32.09
1178,00580,111519,AAPL,1,20,150.2
1179,00583,111520,MSFT,1,52,241.83
1180,00587,111521,AAPL,1,215,151.57
1181,00589,111522,BAC,1,156,30.37
1182,00591,111523,BAC,1,111,33.92
1183,00593,111524,BAC,1,63,33.86
1184,00595,111525,BAC,1,7,33.42
1185,00598,111526,MSFT,1,37,241.25
1186,00602,111527,BAC,1,69,31.74
1187,00604,111528,MSFT,1,156,240.59
1188,00608,111529,AAPL,1,1,151.07
1189,00610,111530,MSFT,1,85,240.96
1190,00617,111531,AAPL,1,140,150.49
1191,00619,111532,BAC,1,86,31.55
1192,00623,111533,MSFT,1,325,240.13
1193,00626,111534,AAPL,1,200,151.45
1194,00630,111535,MSFT,1,436,240.12
1195,00632,111536,AAPL,1,70,151.06
1196,00635,111537,MSFT,1,83,240.01
1197,00639,111538,AAPL,1,51,150.48
1198,00646,111539,AAPL,1,81,151.36
1199,00647,111540,MSFT,1,105,238.18
1200,00649,111541,AAPL,1,164,150.65
1201,00651,111542,AAPL,1,73,151.52
1202,00655,111543,BAC,1,53,30.3
1203,00657,111544,BAC,1,8,30.24
1204,00660,111545,BAC,1,9,32.46
1205,00662,111546,BAC,1,76,30.69
1206,00670,111547,MSFT,1,14,242.23
1207,00677,111548,AAPL,1,254,150
1208,00679,111549,BAC,1,12,34.36
1209,00683,111550,MSFT,1,273,238.93
1210,00688,111551,BAC,1,72,32.67
1211,00696,111552,AAPL,1,63,150.88
1212,00698,111553,AAPL,1,130,152.72
1213,00700,111554,BAC,1,97,33.74
1214,00708,111555,AAPL,1,259,152.39
1215,00714,111556,MSFT,1,36,242.01
1216,00715,111557,MSFT,1,57,242.92
1217,00717,111558,AAPL,1,143,150.49
1218,00719,111559,BAC,1,36,31.59
1219,00724,111560,AAPL,1,434,150.59
1220,00726,111561,MSFT,1,78,237.12
1221,00729,111562,MSFT,1,79,242.91
1222,00730,111563,BAC,1,51,30.76
1223,00731,111564,AAPL,1,76,150.57
1224,00736,111565,MSFT,1,210,237.45
1225,00738,111566,AAPL,1,53,152.03
1226,00742,111567,BAC,1,40,31.9
1227,00744,111568,BAC,1,12,34.96
1228,00746,111569,MSFT,1,228,242.91
1229,00748,111570,AAPL,1,175,150.95
1230,00750,111571,MSFT,1,158,238.86
1231,00753,111572,AAPL,1,214,151.24
1232,00757,111573,AAPL,1,6,151.73
1233,00759,111574,BAC,1,76,30.7
1234,00760,111575,AAPL,1,147,150.02
1235,00764,111576,BAC,1,138,32.75
1236,00766,111577,AAPL,1,51,151.68
1237,00771,111578,MSFT,1,72,237.89
1238,00772,111579,AAPL,1,21,150.45
1239,00776,111580,BAC,1,10,31.85
1240,00777,111581,BAC,1,245,31.5
1241,00780,111582,AAPL,1,21,152.92
1242,00784,111583,MSFT,1,107,240.2
1243,00789,111584,MSFT,1,121,241.66
1244,00790,111585,BAC,1,91,34.84
1245,00791,111586,BAC,1,383,32.96
1246,00792,111587,BAC,1,83,30.84
1247,00794,111588,MSFT,1,33,241.55
1248,00808,111589,AAPL,1,142,152.74
1249,00809,111590,BAC,1,35,33.81
1250,00813,111591,BAC,1,6,30.96
1251,00815,111592,BAC,1,6,31.27
1252,00816,111593,MSFT,1,200,237.45
1253,00818,111594,MSFT,1,297,237.7
1254,00819,111595,AAPL,1,402,151.75
1255,00821,111596,BAC,1,106,33.6
1256,00823,111597,AAPL,1,240,152.11
1257,00824,111598,BAC,1,213,33.2
1258,00826,111599,MSFT,1,31,237.95
1259,00831,111600,BAC,1,42,32.38
1260,00833,111601,MSFT,1,226,239.52
1261,00837,111602,MSFT,1,210,238.12
1262,00838,111603,MSFT,1,42,242.61
1263,00839,111604,AAPL,1,68,150.33
1264,00840,111605,AAPL,1,274,150.79
1265,00842,111606,AAPL,1,57,150.75
1266,00845,111607,BAC,1,268,31.92
1267,00846,111608,BAC,1,384,31.7
1268,00849,111609,MSFT,1,56,238.92
1269,00853,111610,AAPL,1,132,150.76
1270,00855,111611,AAPL,1,319,150.15
1271,00857,111612,AAPL,1,49,152.28
1272,00863,111613,BAC,1,175,31.89
1273,00865,111614,AAPL,1,16,151.88
1274,00866,111615,AAPL,1,76,150.42
1275,00869,111616,AAPL,1,7,151.25
1276,00870,111617,MSFT,1,99,242.02
1277,00874,111618,MSFT,1,152,239.33
1278,00876,111619,MSFT,1,44,241.13
1279,00880,111620,BAC,1,204,33.57
1280,00881,111621,MSFT,1,96,237.32
1281,00884,111622,AAPL,1,24,151.19
1282,00899,111623,AAPL,1,21,151.4
1283,00900,111624,MSFT,1,15,237.79
1284,00904,111625,MSFT,1,83,239.93
1285,00910,111626,MSFT,1,251,238.97
1286,00912,111627,BAC,1,1,30.15
1287,00914,111628,MSFT,1,200,241.02
1288,00926,111629,AAPL,1,7,150.71
1289,00928,111630,BAC,1,112,34.36
1290,00930,111631,BAC,1,101,30.46
1291,00931,111632,BAC,1,64,33.97
1292,00937,111633,MSFT,1,3,237.28
1293,00938,111634,AAPL,1,26,151.54
1294,00940,111635,AAPL,1,164,152.91
1295,00942,111636,MSFT,1,8,239.63
1296,00951,111637,MSFT,1,222,239.01
1297,00959,111638,AAPL,1,231,152.56
1298,00963,111639,BAC,1,7,30.57
1299,00965,111640,MSFT,1,134,241.38
1300,00967,111641,MSFT,1,108,242.27
1301,00969,111642,MSFT,1,44,239.55
1302,00971,111643,BAC,1,38,30.1
1303,00975,111644,MSFT,1,117,238.56
1304,00978,111645,BAC,1,59,31.68
1305,00979,111646,BAC,1,10,34.69
1306,00982,111647,AAPL,1,324,152.68
1307,00984,111648,AAPL,1,101,150.43
1308,00987,111649,AAPL,1,114,151.71
1309,00988,111650,BAC,1,108,33.41
1310,00993,111651,BAC,1,42,32.73
1311,00999,111652,AAPL,1,223,150.68
1312,01002,111653,AAPL,1,100,150.69
1313,01005,111654,AAPL,1,106,150.55
1314,01008,111655,MSFT,1,99,242.35
1315,01009,111656,MSFT,1,51,237.28
1316,01010,111657,MSFT,1,36,239.01
1317,01012,111658,AAPL,1,24,152.9
1318,01016,111659,BAC,1,113,31.86
1319,01017,111660,BAC,1,257,33.27
1320,01018,111661,AAPL,1,86,150.9
1321,01023,111662,BAC,1,367,33.82
1322,01024,111663,MSFT,1,66,242.39
1323,01026,111664,MSFT,1,13,241.9
1324,01027,111665,MSFT,1,10,239.67
1325,01030,111666,MSFT,1,160,237.9
1326,01033,111667,MSFT,1,103,241.27
1327,01035,111668,MSFT,1,27,239.25
1328,01036,111669,BAC,1,28,33.58
1329,01038,111670,BAC,1,229,34.77
1330,01044,111671,BAC,1,25,33.1
1331,01045,111672,AAPL,1,4,151.11
1332,01053,111673,AAPL,1,53,152.74
1333,01055,111674,MSFT,1,30,237.38
1334,01061,111675,MSFT,1,242,238.62
1335,01063,111676,MSFT,1,85,239.56
1336,01064,111677,BAC,1,5,31.84
1337,01065,111678,MSFT,1,89,238.53
1338,01066,111679,MSFT,1,17,237.55
1339,01068,111680,MSFT,1,253,240.44
1340,01072,111681,BAC,1,161,34.44
1341,01074,111682,MSFT,1,4,241.61
1342,01076,111683,AAPL,1,29,150.38
1343,01078,111684,BAC,1,243,32.71
1344,01079,111685,MSFT,1,11,240.03
1345,01080,111686,MSFT,1,125,237.85
1346,01086,111687,BAC,1,20,34.04
1347,01089,111688,BAC,1,153,34.94
1348,01091,111689,AAPL,1,30,150.52
1349,01094,111690,AAPL,1,81,150.57
1350,01102,111691,BAC,1,44,34.48
1351,01108,111692,MSFT,1,135,238.64
1352,01109,111693,MSFT,1,3,239.67
1353,01118,111694,BAC,1,82,30.66
1354,01120,111695,BAC,1,7,34.98
1355,01121,111696,BAC,1,42,31.39
1356,01123,111697,AAPL,1,361,150.98
1357,01124,111698,MSFT,1,113,239.15
1358,01131,111699,MSFT,1,280,238.25
1359,01134,111700,BAC,1,182,32.29
1360,01135,111701,MSFT,1,85,239.94
1361,01136,111702,MSFT,1,100,238.96
1362,01139,111703,BAC,1,235,30.95
1363,01141,111704,MSFT,1,54,238.96
1364,01143,111705,BAC,1,75,33.29
1365,01144,111706,AAPL,1,61,152.37
1366,01145,111707,MSFT,1,214,238.84
1367,01151,111708,BAC,1,221,34.89
1368,01153,111709,AAPL,1,171,151.19
1369,01159,111710,MSFT,1,28,241.39
1370,01160,111711,BAC,1,102,30.45
1371,01168,111712,AAPL,1,93,150.65
1372,01180,111713,MSFT,1,6,238.72
1373,01182,111714,AAPL,1,7,152.33
1374,01191,111715,MSFT,1,8,239.57
1375,01192,111716,AAPL,1,7,152.56
1376,01201,111717,MSFT,1,122,237.33
1377,01208,111718,AAPL,1,108,150.9
1378,01212,111719,BAC,1,359,32.57
1379,01217,111720,BAC,1,56,31.43
1380,01219,111721,BAC,1,4,32.24
1381,01226,111722,AAPL,1,284,152.3
1382,01227,111723,AAPL,1,57,152.56
1383,01232,111724,AAPL,1,82,151.35
1384,01235,111725,MSFT,1,395,237.04
1385,01240,111726,MSFT,1,100,238.08
1386,01242,111727,BAC,1,129,31.63
1387,01245,111728,MSFT,1,352,238.58
1388,01246,111729,MSFT,1,191,237.16
1389,01247,111730,BAC,1,17,34.09
1390,01248,111731,BAC,1,70,33.57
1391,01255,111732,BAC,1,133,33.07
1392,01257,111733,BAC,1,44,34.63
1393,01261,111734,MSFT,1,95,242.68
1394,01263,111735,MSFT,1,201,237.21
1395,01264,111736,AAPL,1,11,151.71
1396,01265,111737,AAPL,1,46,152.92
1397,01266,111738,BAC,1,19,31.86
1398,01269,111739,AAPL,1,15,150.89
1399,01271,111740,AAPL,1,15,152.32
1400,01274,111741,AAPL,1,173,152.27
1401,01277,111742,AAPL,1,116,151.4
1402,01279,111743,BAC,1,141,31.31
1403,01283,111744,BAC,1,2,32.19
1404,01285,111745,AAPL,1,30,150.48
1405,01287,111746,AAPL,1,176,150.6
1406,01291,111747,MSFT,1,22,240.16
1407,01293,111748,BAC,1,36,31.41
1408,01297,111749,BAC,1,204,33.79
1409,01298,111750,AAPL,1,84,152.09
1410,01305,111751,AAPL,1,132,152.99
1411,01308,111752,AAPL,1,54,152.26
1412,01313,111753,BAC,1,191,34.95
1413,01320,111754,MSFT,1,302,241.14
1414,01324,111755,BAC,1,241,30.14
1415,01325,111756,MSFT,1,56,238.81
1416,01327,111757,MSFT,1,130,242.92
1417,01333,111758,MSFT,1,10,240.95
1418,01336,111759,MSFT,1,48,237.28
1419,01338,111760,AAPL,1,59,152.95
1420,01340,111761,AAPL,1,90,150.01
1421,01344,111762,MSFT,1,112,238.36
1422,01345,111763,MSFT,1,1,239.43
1423,01355,111764,BAC,1,86,33.83
1424,01356,111765,BAC,1,19,34.47
1425,01357,111766,MSFT,1,57,242.91
1426,01359,111767,AAPL,1,354,150.48
1427,01360,111768,MSFT,1,197,240.98
1428,01361,111769,BAC,1,164,34.62
1429,01364,111770,MSFT,1,178,239.4
1430,01365,111771,MSFT,1,311,238.18
1431,01369,111772,BAC,1,150,32.14
1432,01372,111773,MSFT,1,8,240.23
1433,01374,111774,MSFT,1,50,238.92
1434,01380,111775,MSFT,1,407,238.19
1435,01388,111776,BAC,1,53,31.98
1436,01390,111777,BAC,1,1,31.62
1437,01406,111778,AAPL,1,147,152.56
1438,01412,111779,MSFT,1,16,240.65
1439,01418,111780,MSFT,1,178,237.27
1440,01424,111781,AAPL,1,253,150.3
1441,01434,111782,AAPL,1,2,151.25
1442,01435,111783,BAC,1,148,34.17
1443,01443,111784,MSFT,1,5,242.14
1444,01445,111785,BAC,1,147,33.58
1445,01446,111786,MSFT,1,147,237.02
1446,01448,111787,MSFT,1,35,239.81
1447,01451,111788,MSFT,1,14,237.23
1448,01456,111789,AAPL,1,295,151.89
1449,01458,111790,AAPL,1,461,151.99
1450,01459,111791,MSFT,1,23,238.52
1451,01465,111792,AAPL,1,96,151.71
1452,01467,111793,MSFT,1,55,238.48
1453,01469,111794,BAC,1,44,31.67
1454,01472,111795,BAC,1,218,31.29
1455,01473,111796,MSFT,1,53,240.47
1456,01475,111797,BAC,1,117,31.55
1457,01482,111798,MSFT,1,187,240.4
1458,01486,111799,BAC,1,294,31.51
1459,01491,111800,AAPL,1,15,152.87
1460,01493,111801,BAC,1,353,31.45
1461,01495,111802,BAC,1,288,31.92
1462,01502,111803,MSFT,1,278,242.96
1463,01503,111804,AAPL,1,14,152.31
1464,01505,111805,AAPL,1,19,150.05
1465,01520,111806,MSFT,1,5,237.9
1466,01523,111807,AAPL,1,42,152.95
1467,00008,111808,AAPL,1,1,151.9
1468,00037,111809,MSFT,1,31,237.97
1469,00041,111810,MSFT,1,1,238.28
1470,00062,111811,BAC,1,63,31.37
1471,00067,111812,BAC,1,14,34.47
1472,00108,111813,AAPL,1,72,152.07
1473,00110,111814,BAC,1,4,31.14
1474,00118,111815,MSFT,1,4,242.98
1475,00120,111816,MSFT,1,1,240.72
1476,00126,111817,BAC,1,14,31.29
1477,00144,111818,BAC,1,31,31.53
1478,00155,111819,AAPL,1,1,151.68
1479,00166,111820,MSFT,1,1,240.35
1480,00229,111821,MSFT,1,60,242.4
1481,00249,111822,BAC,1,21,33.69
1482,00277,111823,BAC,1,7,30.4
1483,00288,111824,AAPL,1,71,150.18
1484,00307,111825,MSFT,1,30,240.5
1485,00309,111826,MSFT,1,18,242.35
1486,00314,111827,MSFT,1,6,240.54
1487,00315,111828,BAC,1,48,31.77
1488,00321,111829,MSFT,1,2,237.71
1489,00322,111830,AAPL,1,3,151.12
1490,00327,111831,MSFT,1,53,238.07
1491,00332,111832,MSFT,1,20,239.14
1492,00341,111833,MSFT,1,1,237.5
1493,00357,111834,MSFT,1,15,242.91
1494,00370,111835,AAPL,1,105,151.07
1495,00385,111836,MSFT,1,1,242.88
1496,00386,111837,BAC,1,15,30.56
1497,00409,111838,AAPL,1,3,152.13
1498,00417,111839,BAC,1,1,32.88
1499,00427,111840,MSFT,1,123,242.68
1500,00449,111841,BAC,1,46,30.87
1501,00478,111842,BAC,1,43,32.06
1502,00511,111843,MSFT,1,17,240.09
1503,00513,111844,MSFT,1,148,240.94
1504,00516,111845,BAC,1,24,30.51
1505,00520,111846,BAC,1,39,33.14
1506,00531,111847,BAC,1,10,32.94
1507,00534,111848,BAC,1,127,33.31
1508,00541,111849,BAC,1,113,31.68
1509,00547,111850,MSFT,1,10,240.59
1510,00548,111851,AAPL,1,16,151.54
1511,00551,111852,AAPL,1,1,150.73
1512,00552,111853,AAPL,1,180,152.62
1513,00555,111854,AAPL,1,23,150.19
1514,00562,111855,BAC,1,8,34.93
1515,00564,111856,MSFT,1,56,241.18
1516,00566,111857,MSFT,1,186,241.7
1517,00571,111858,BAC,1,93,30.42
1518,00575,111859,BAC,1,107,33.02
1519,00580,111860,AAPL,1,183,150.68
1520,00583,111861,MSFT,1,4,239
1521,00589,111862,BAC,1,69,30.31
1522,00595,111863,BAC,1,9,31.91
1523,00598,111864,MSFT,1,33,242.56
1524,00602,111865,BAC,1,58,33.92
1525,00632,111866,AAPL,1,23,150.37
1526,00639,111867,AAPL,1,31,152.06
1527,00646,111868,AAPL,1,16,151.72
1528,00649,111869,AAPL,1,36,150.72
1529,00657,111870,BAC,1,81,30.44
1530,00670,111871,MSFT,1,4,240.42
1531,00679,111872,BAC,1,114,34.23
1532,00696,111873,AAPL,1,7,152.36
1533,00708,111874,AAPL,1,7,150.7
1534,00714,111875,MSFT,1,25,240.45
1535,00717,111876,AAPL,1,9,151.24
1536,00719,111877,BAC,1,5,32.25
1537,00730,111878,BAC,1,5,34.26
1538,00731,111879,AAPL,1,1,152.03
1539,00736,111880,MSFT,1,7,237.12
1540,00738,111881,AAPL,1,5,151.48
1541,00742,111882,BAC,1,19,34.08
1542,00744,111883,BAC,1,54,32.11
1543,00750,111884,MSFT,1,5,237.48
1544,00757,111885,AAPL,1,17,151.05
1545,00759,111886,BAC,1,85,31.82
1546,00760,111887,AAPL,1,8,151.04
1547,00764,111888,BAC,1,5,34.99
1548,00766,111889,AAPL,1,20,152.88
1549,00772,111890,AAPL,1,1,150.88
1550,00776,111891,BAC,1,4,33.74
1551,00777,111892,BAC,1,46,33.05
1552,00780,111893,AAPL,1,22,150.05
1553,00784,111894,MSFT,1,2,239.78
1554,00789,111895,MSFT,1,12,237.06
1555,00790,111896,BAC,1,150,30.5
1556,00794,111897,MSFT,1,12,239.65
1557,00808,111898,AAPL,1,101,152.01
1558,00809,111899,BAC,1,8,33.22
1559,00813,111900,BAC,1,3,30.8
1560,00815,111901,BAC,1,109,30.1
1561,00821,111902,BAC,1,36,30.65
1562,00826,111903,MSFT,1,134,238.73
1563,00831,111904,BAC,1,4,32.85
1564,00838,111905,MSFT,1,39,240.39
1565,00839,111906,AAPL,1,2,152.6
1566,00842,111907,AAPL,1,31,152.61
1567,00845,111908,BAC,1,41,31.71
1568,00849,111909,MSFT,1,192,240.77
1569,00855,111910,AAPL,1,1,150.83
1570,00865,111911,AAPL,1,29,152.69
1571,00869,111912,AAPL,1,104,151.67
1572,00876,111913,MSFT,1,132,240.69
1573,00880,111914,BAC,1,6,30.72
1574,00884,111915,AAPL,1,100,151.94
1575,00899,111916,AAPL,1,2,150.81
1576,00900,111917,MSFT,1,4,239.32
1577,00910,111918,MSFT,1,76,242.39
1578,00912,111919,BAC,1,145,31.19
1579,00926,111920,AAPL,1,233,151.14
1580,00930,111921,BAC,1,12,31.45
1581,00931,111922,BAC,1,20,33.94
1582,00937,111923,MSFT,1,7,237.59
1583,00938,111924,AAPL,1,100,151.3
1584,00942,111925,MSFT,1,34,242.17
1585,00951,111926,MSFT,1,25,239.09
1586,00959,111927,AAPL,1,69,152.93
1587,00967,111928,MSFT,1,4,237.85
1588,00971,111929,BAC,1,23,33.64
1589,00978,111930,BAC,1,323,32.33
1590,00979,111931,BAC,1,149,31.8
1591,00984,111932,AAPL,1,5,150.63
1592,00987,111933,AAPL,1,75,152.22
1593,00988,111934,BAC,1,274,32.21
1594,00993,111935,BAC,1,8,31.35
1595,01009,111936,MSFT,1,209,241.31
1596,01012,111937,AAPL,1,88,150.5
1597,01017,111938,BAC,1,51,31.18
1598,01023,111939,BAC,1,11,32.44
1599,01035,111940,MSFT,1,23,242.79
1600,01036,111941,BAC,1,14,32.96
1601,01044,111942,BAC,1,9,31.42
1602,01045,111943,AAPL,1,54,150.16
1603,01053,111944,AAPL,1,132,150
1604,01066,111945,MSFT,1,171,239.09
1605,01072,111946,BAC,1,62,32.72
1606,01086,111947,BAC,1,40,31.77
1607,01091,111948,AAPL,1,331,152.41
1608,01109,111949,MSFT,1,2,237.44
1609,01118,111950,BAC,1,42,33.9
1610,01121,111951,BAC,1,92,34.78
1611,01124,111952,MSFT,1,23,239.32
1612,01134,111953,BAC,1,22,32.15
1613,01144,111954,AAPL,1,27,150.23
1614,01151,111955,BAC,1,25,30.8
1615,01159,111956,MSFT,1,134,241.46
1616,01168,111957,AAPL,1,99,152.84
1617,01180,111958,MSFT,1,20,240.77
1618,01182,111959,AAPL,1,2,151.53
1619,01191,111960,MSFT,1,18,238.55
1620,01192,111961,AAPL,1,3,151.57
1621,01219,111962,BAC,1,24,32.5
1622,01226,111963,AAPL,1,7,151.97
1623,01232,111964,AAPL,1,1,151.01
1624,01240,111965,MSFT,1,45,238.19
1625,01242,111966,BAC,1,177,33.06
1626,01247,111967,BAC,1,51,32.23
1627,01248,111968,BAC,1,6,32.05
1628,01255,111969,BAC,1,83,33.79
1629,01264,111970,AAPL,1,15,152.68
1630,01269,111971,AAPL,1,151,152.27
1631,01271,111972,AAPL,1,80,150.49
1632,01274,111973,AAPL,1,223,151.83
1633,01277,111974,AAPL,1,70,151.14
1634,01283,111975,BAC,1,10,30.32
1635,01287,111976,AAPL,1,3,152.03
1636,01291,111977,MSFT,1,1,240.47
1637,01293,111978,BAC,1,4,30.21
1638,01297,111979,BAC,1,20,32.25
1639,01305,111980,AAPL,1,92,151.97
1640,01308,111981,AAPL,1,75,150.15
1641,01313,111982,BAC,1,140,32.69
1642,01324,111983,BAC,1,157,32.79
1643,01325,111984,MSFT,1,126,240.46
1644,01327,111985,MSFT,1,7,242.57
1645,01333,111986,MSFT,1,85,242
1646,01344,111987,MSFT,1,16,238.36
1647,01355,111988,BAC,1,9,34.53
1648,01356,111989,BAC,1,71,32.44
1649,01360,111990,MSFT,1,44,240.6
1650,01361,111991,BAC,1,13,31.54
1651,01372,111992,MSFT,1,22,238.23
1652,01374,111993,MSFT,1,2,239.32
1653,01390,111994,BAC,1,28,30.88
1654,01412,111995,MSFT,1,92,242.13
1655,01434,111996,AAPL,1,17,150.5
1656,01435,111997,BAC,1,243,31.15
1657,01443,111998,MSFT,1,23,240.19
1658,01445,111999,BAC,1,38,34.56
1659,01448,112000,MSFT,1,3,242.9
1660,01451,112001,MSFT,1,7,242.83
1661,01467,112002,MSFT,1,28,241
1662,01473,112003,MSFT,1,153,239.41
1663,01503,112004,AAPL,1,31,152.01
1664,01505,112005,AAPL,1,5,151.25
1665,01520,112006,MSFT,1,2,242.4
1666,01523,112007,AAPL,1,48,150.81
1667,00037,112008,MSFT,1,74,238.45
1668,00108,112009,AAPL,1,30,152.4
1669,00110,112010,BAC,1,53,30.4
1670,00120,112011,MSFT,1,10,242.24
1671,00126,112012,BAC,1,9,33.02
1672,00155,112013,AAPL,1,4,151.81
1673,00166,112014,MSFT,1,1,242.87
1674,00249,112015,BAC,1,55,32.45
1675,00288,112016,AAPL,1,1,152.79
1676,00307,112017,MSFT,1,3,242.64
1677,00309,112018,MSFT,1,40,239.67
1678,00314,112019,MSFT,1,2,238.24
1679,00321,112020,MSFT,1,18,240.74
1680,00332,112021,MSFT,1,1,239.68
1681,00357,112022,MSFT,1,103,242.48
1682,00385,112023,MSFT,1,1,239.27
1683,00409,112024,AAPL,1,5,151.07
1684,00449,112025,BAC,1,41,34.88
1685,00511,112026,MSFT,1,6,240.81
1686,00513,112027,MSFT,1,7,237.93
1687,00516,112028,BAC,1,86,33.67
1688,00531,112029,BAC,1,34,33.48
1689,00534,112030,BAC,1,33,31.41
1690,00555,112031,AAPL,1,9,152.97
1691,00562,112032,BAC,1,11,34.07
1692,00564,112033,MSFT,1,15,237.57
1693,00632,112034,AAPL,1,16,150.36
1694,00646,112035,AAPL,1,11,150.29
1695,00670,112036,MSFT,1,20,237.44
1696,00679,112037,BAC,1,182,31.89
1697,00696,112038,AAPL,1,12,150.2
1698,00714,112039,MSFT,1,1,239.87
1699,00717,112040,AAPL,1,27,150.33
1700,00730,112041,BAC,1,19,33
1701,00731,112042,AAPL,1,101,150.31
1702,00736,112043,MSFT,1,15,242.16
1703,00742,112044,BAC,1,8,30.19
1704,00744,112045,BAC,1,130,33.54
1705,00759,112046,BAC,1,21,31.77
1706,00760,112047,AAPL,1,3,150.52
1707,00764,112048,BAC,1,34,34.33
1708,00777,112049,BAC,1,34,32.68
1709,00784,112050,MSFT,1,6,238.5
1710,00789,112051,MSFT,1,65,240.73
1711,00808,112052,AAPL,1,115,150.32
1712,00809,112053,BAC,1,5,30.89
1713,00813,112054,BAC,1,9,30.85
1714,00826,112055,MSFT,1,16,240.29
1715,00831,112056,BAC,1,2,30.37
1716,00838,112057,MSFT,1,74,237.16
1717,00842,112058,AAPL,1,127,151.88
1718,00855,112059,AAPL,1,9,151.46
1719,00880,112060,BAC,1,23,30.78
1720,00884,112061,AAPL,1,161,150.35
1721,00900,112062,MSFT,1,69,239.72
1722,00930,112063,BAC,1,6,30.75
1723,00938,112064,AAPL,1,19,152.76
1724,00959,112065,AAPL,1,12,150.99
1725,00967,112066,MSFT,1,1,242.19
1726,00984,112067,AAPL,1,1,150.98
1727,00987,112068,AAPL,1,91,152.22
1728,00993,112069,BAC,1,32,32.43
1729,01023,112070,BAC,1,11,33.96
1730,01035,112071,MSFT,1,45,241.15
1731,01036,112072,BAC,1,2,32.3
1732,01044,112073,BAC,1,2,31.46
1733,01045,112074,AAPL,1,19,151.2
1734,01072,112075,BAC,1,29,32.91
1735,01109,112076,MSFT,1,4,239.03
1736,01121,112077,BAC,1,1,32.63
1737,01124,112078,MSFT,1,1,242.49
1738,01134,112079,BAC,1,120,30.12
1739,01144,112080,AAPL,1,14,150.89
1740,01180,112081,MSFT,1,6,240.77
1741,01191,112082,MSFT,1,4,239.42
1742,01226,112083,AAPL,1,19,150.2
1743,01248,112084,BAC,1,2,34.89
1744,01264,112085,AAPL,1,97,152.49
1745,01269,112086,AAPL,1,12,151.34
1746,01277,112087,AAPL,1,54,151.92
1747,01287,112088,AAPL,1,3,150.19
1748,01297,112089,BAC,1,28,31.95
1749,01344,112090,MSFT,1,2,237.28
1750,01355,112091,BAC,1,17,32.42
1751,01356,112092,BAC,1,7,31.42
1752,01360,112093,MSFT,1,14,242.37
1753,01361,112094,BAC,1,119,34.01
1754,01374,112095,MSFT,1,20,240.93
1755,01412,112096,MSFT,1,43,239.7
1756,01434,112097,AAPL,1,18,150.18
1757,01443,112098,MSFT,1,51,240.66
1758,01445,112099,BAC,1,49,31.94
1759,01448,112100,MSFT,1,42,240.55
1760,01523,112101,AAPL,1,1,152.27
1761,00126,112102,BAC,1,1,31.57
1762,00155,112103,AAPL,1,1,152.14
1763,00307,112104,MSFT,1,1,238.19
1764,00309,112105,MSFT,1,17,241.69
1765,00314,112106,MSFT,1,2,240.54
1766,00511,112107,MSFT,1,1,239.04
1767,00516,112108,BAC,1,168,34.78
1768,00562,112109,BAC,1,13,30.12
1769,00564,112110,MSFT,1,138,242.27
1770,00632,112111,AAPL,1,17,151.3
1771,00670,112112,MSFT,1,4,237.44
1772,00731,112113,AAPL,1,15,150.6
1773,00736,112114,MSFT,1,9,242.77
1774,00742,112115,BAC,1,4,31.52
1775,00759,112116,BAC,1,39,30.94
1776,00760,112117,AAPL,1,1,152.41
1777,00764,112118,BAC,1,139,33.03
1778,00784,112119,MSFT,1,1,240.42
1779,00880,112120,BAC,1,7,30.16
1780,00884,112121,AAPL,1,89,150.56
1781,00930,112122,BAC,1,4,30.3
1782,00959,112123,AAPL,1,2,151.03
1783,01036,112124,BAC,1,17,34.33
1784,01045,112125,AAPL,1,18,152.77
1785,01072,112126,BAC,1,26,33.81
1786,01121,112127,BAC,1,5,30.9
1787,01124,112128,MSFT,1,1,237.14
1788,01134,112129,BAC,1,5,33.33
1789,01144,112130,AAPL,1,1,151.82
1790,01248,112131,BAC,1,1,32.57
1791,01269,112132,AAPL,1,4,151.65
1792,01277,112133,AAPL,1,9,152.23
1793,01344,112134,MSFT,1,5,238.6
1794,01355,112135,BAC,1,32,31.56
1795,01360,112136,MSFT,1,11,240.16
1796,01434,112137,AAPL,1,32,150.61
1797,01445,112138,BAC,1,73,32.14
1798,01523,112139,AAPL,1,4,152.45
1799,00736,112140,MSFT,1,77,240.67
1800,00880,112141,BAC,1,3,32.06
1801,00884,112142,AAPL,1,34,152.38
1802,00959,112143,AAPL,1,1,150.69
1803,01045,112144,AAPL,1,1,151.88
1804,01072,112145,BAC,1,10,30.2
1805,01134,112146,BAC,1,2,32.24
1806,01248,112147,BAC,1,1,32.52
1807,01269,112148,AAPL,1,3,150.7
1808,01277,112149,AAPL,1,3,152.01
1809,01360,112150,MSFT,1,5,242.96
1810,00884,112151,AAPL,1,29,151.51
1811,01134,112152,BAC,1,2,32.37
1812,01269,112153,AAPL,1,3,152.48
