,ClOrdID,Side,Symbol,OrderQty,OrdType,Price
0,00000,1,MSFT,487,2,126.905500132004
1,00001,1,MSFT,413,2,114.040819587555
2,00003,1,BAC,457,2,190.20492635948
3,00005,1,MSFT,262,2,177.963673759067
4,00006,1,MSFT,494,2,118.068098809318
5,00008,1,AAPL,341,2,158.551169018405
6,00010,1,BAC,373,2,171.938278536009
7,00011,1,BAC,408,2,190.708011107907
8,00012,1,MSFT,181,2,148.145092054048
9,00014,1,BAC,471,2,127.454570450938
10,00015,1,AAPL,287,2,113.734138312303
11,00016,1,BAC,284,2,136.330170488735
12,00017,1,MSFT,125,2,156.361039820523
13,00018,1,BAC,174,2,165.547878478105
14,00020,1,BAC,195,2,158.89328169234
15,00022,1,BAC,119,2,180.693121722715
16,00024,1,MSFT,172,2,157.777139339361
17,00025,1,BAC,293,2,105.434966597394
18,00027,1,MSFT,294,2,164.046900452253
19,00029,1,BAC,213,2,171.096409508238
20,00030,1,BAC,459,2,156.158452481646
21,00032,1,MSFT,438,2,154.634261946517
22,00033,1,AAPL,460,2,136.798960729985
23,00034,1,AAPL,159,2,121.493189689146
24,00035,1,BAC,308,2,157.770343692193
25,00037,1,MSFT,214,2,165.196321158335
26,00039,1,BAC,379,2,181.224326631199
27,00040,1,MSFT,483,2,125.708572097891
28,00041,1,MSFT,298,2,160.416249150503
29,00043,1,BAC,349,2,102.326703002006
30,00044,1,BAC,431,2,167.088620705156
31,00046,1,BAC,229,2,111.766406383462
32,00048,1,MSFT,344,2,172.050657148673
33,00049,1,AAPL,123,2,158.72417345309
34,00050,1,BAC,268,2,189.41931646305
35,00052,1,AAPL,470,2,130.978314744953
36,00054,1,MSFT,344,2,190.500426728929
37,00055,1,AAPL,200,2,199.099581446491
38,00057,1,AAPL,203,2,151.028984371708
39,00058,1,MSFT,305,2,134.080615317866
40,00059,1,BAC,358,2,137.172492084982
41,00060,1,BAC,437,2,128.129613367197
42,00061,1,BAC,483,2,161.28113421662
43,00062,1,BAC,180,2,164.287534041459
44,00063,1,MSFT,395,2,162.50968609329
45,00064,1,AAPL,226,2,105.37453582084
46,00065,1,AAPL,446,2,128.552460385817
47,00066,1,BAC,306,2,174.324995368922
48,00067,1,BAC,459,2,176.995572393585
49,00069,1,AAPL,181,2,120.616800850183
50,00071,1,MSFT,450,2,172.20803719435
51,00072,1,BAC,354,2,137.11883719938
52,00073,1,BAC,477,2,171.051171592904
53,00075,1,MSFT,477,2,153.040551156672
54,00076,1,BAC,150,2,197.965996388979
55,00077,1,MSFT,231,2,154.841439340591
56,00078,1,BAC,162,2,102.083965653932
57,00080,1,AAPL,182,2,102.339866004399
58,00082,1,BAC,462,2,132.687719549362
59,00083,1,BAC,378,2,115.436392066506
60,00084,1,MSFT,276,2,158.927236211382
61,00086,1,AAPL,474,2,123.541189969199
62,00088,1,AAPL,253,2,158.677385841055
63,00089,1,AAPL,481,2,135.018524169048
64,00091,1,MSFT,276,2,118.946587414166
65,00093,1,MSFT,307,2,195.633630088543
66,00095,1,AAPL,348,2,169.051235990458
67,00096,1,MSFT,259,2,168.212962549163
68,00098,1,MSFT,138,2,152.406332983353
69,00099,1,MSFT,402,2,175.679442803556
70,00100,1,AAPL,318,2,162.573944088916
71,00102,1,BAC,388,2,115.988196290358
72,00104,1,MSFT,290,2,135.650232060424
73,00106,1,BAC,429,2,165.59091993465
74,00108,1,AAPL,438,2,127.553828776785
75,00110,1,BAC,478,2,196.540121019521
76,00111,1,AAPL,219,2,175.239441617007
77,00113,1,MSFT,104,2,196.883893629388
78,00115,1,BAC,404,2,163.147510298764
79,00116,1,BAC,426,2,113.49143809129
80,00118,1,MSFT,122,2,159.742744621819
81,00120,1,MSFT,350,2,122.752641133416
82,00122,1,MSFT,346,2,165.791930322774
83,00124,1,BAC,172,2,136.190600621174
84,00125,1,MSFT,250,2,153.830636968026
85,00126,1,BAC,201,2,151.915303947457
86,00127,1,BAC,244,2,169.232918055214
87,00128,1,AAPL,187,2,191.349548978605
88,00129,1,MSFT,137,2,179.643744841186
89,00130,1,AAPL,115,2,105.800285193459
90,00132,1,MSFT,359,2,119.437257188475
91,00133,1,MSFT,362,2,174.32848115614
92,00134,1,MSFT,109,2,175.217013419399
93,00136,1,MSFT,244,2,127.221752750681
94,00137,1,AAPL,107,2,179.757225650189
95,00138,1,BAC,157,2,125.692870767563
96,00140,1,BAC,194,2,144.436534115709
97,00142,1,MSFT,317,2,169.298629023351
98,00144,1,BAC,148,2,188.635684199505
99,00145,1,MSFT,388,2,161.530920993735
100,00147,1,BAC,130,2,163.339647854556
101,00148,1,BAC,444,2,110.493683713815
102,00149,1,MSFT,455,2,109.566797276543
103,00151,1,AAPL,480,2,153.554746224126
104,00153,1,BAC,140,2,100.944887757291
105,00155,1,AAPL,390,2,156.429832079306
106,00157,1,BAC,135,2,138.216117397492
107,00158,1,AAPL,206,2,154.824896930558
108,00159,1,BAC,266,2,158.509751147773
109,00161,1,BAC,299,2,188.974097370293
110,00163,1,MSFT,108,2,113.220382262003
111,00164,1,BAC,370,2,116.492779703567
112,00166,1,MSFT,412,2,149.735737071691
113,00168,1,MSFT,281,2,181.723975319001
114,00169,1,MSFT,312,2,141.886705745716
115,00171,1,BAC,103,2,104.97813118628
116,00172,1,MSFT,371,2,167.420500919079
117,00174,1,MSFT,190,2,118.661651085863
118,00176,1,AAPL,450,2,177.622235656753
119,00178,1,MSFT,492,2,130.743514010432
120,00180,1,AAPL,415,2,196.7983363431
121,00182,1,AAPL,377,2,188.088395085737
122,00183,1,MSFT,236,2,132.817161456753
123,00184,1,AAPL,440,2,172.225504230673
124,00185,1,BAC,429,2,102.115913356164
125,00186,1,BAC,155,2,130.866574735968
126,00187,1,BAC,221,2,127.659076826959
127,00188,1,MSFT,369,2,159.487470597524
128,00189,1,AAPL,385,2,117.270215607348
129,00191,1,MSFT,415,2,173.223030514108
130,00193,1,AAPL,323,2,109.644351828013
131,00194,1,MSFT,185,2,133.000597711581
132,00195,1,AAPL,481,2,150.415395569141
133,00197,1,BAC,438,2,104.760367540157
134,00198,1,BAC,471,2,104.428585522714
135,00200,1,AAPL,334,2,143.902495975685
136,00201,1,AAPL,281,2,156.882269879362
137,00203,1,AAPL,487,2,179.510456577418
138,00205,1,AAPL,341,2,195.549253253054
139,00207,1,BAC,191,2,141.276885512361
140,00208,1,AAPL,383,2,149.25319028355
141,00209,1,AAPL,188,2,164.212653088286
142,00210,1,MSFT,134,2,146.981717912555
143,00212,1,MSFT,154,2,154.440103552325
144,00214,1,AAPL,293,2,145.713366681756
145,00216,1,AAPL,299,2,182.034490157766
146,00218,1,BAC,428,2,136.099367107028
147,00220,1,MSFT,227,2,103.738645093848
148,00222,1,MSFT,186,2,147.255393928824
149,00223,1,BAC,192,2,113.043708649566
150,00225,1,BAC,306,2,161.062892490378
151,00227,1,BAC,139,2,104.12439409698
152,00228,1,AAPL,401,2,114.902499708512
153,00229,1,MSFT,249,2,142.815285038669
154,00231,1,MSFT,389,2,175.326331567342
155,00233,1,MSFT,394,2,149.541447858416
156,00235,1,BAC,358,2,120.458235565814
157,00236,1,AAPL,367,2,191.2220128564
158,00238,1,BAC,362,2,157.356874616957
159,00239,1,MSFT,203,2,131.968024192574
160,00240,1,BAC,378,2,108.02808222395
161,00241,1,BAC,382,2,112.020204588269
162,00242,1,BAC,214,2,176.59325520752
163,00243,1,MSFT,356,2,137.495807460391
164,00245,1,BAC,166,2,118.598613978497
165,00247,1,MSFT,266,2,129.910289660337
166,00248,1,BAC,413,2,172.017104334207
167,00249,1,BAC,420,2,138.09912911713
168,00251,1,BAC,348,2,153.087377193992
169,00253,1,AAPL,236,2,180.161312453175
170,00254,1,BAC,307,2,126.466125571771
171,00256,1,BAC,189,2,165.149066374221
172,00257,1,BAC,388,2,106.240792972518
173,00258,1,BAC,307,2,170.361727688282
174,00260,1,AAPL,142,2,180.405010164714
175,00262,1,AAPL,369,2,198.738371334967
176,00263,1,AAPL,357,2,145.234121378712
177,00265,1,AAPL,375,2,187.250071674863
178,00267,1,AAPL,464,2,128.08614485553
179,00269,1,AAPL,393,2,188.381119819478
180,00271,1,MSFT,290,2,172.856128753865
181,00273,1,BAC,242,2,139.828994686697
182,00274,1,MSFT,484,2,134.861413737355
183,00276,1,MSFT,470,2,153.92917451969
184,00277,1,BAC,324,2,185.722695597406
185,00279,1,BAC,316,2,134.537018008221
186,00281,1,AAPL,431,2,141.700529988409
187,00282,1,MSFT,183,2,132.046771322832
188,00283,1,MSFT,395,2,162.610802316806
189,00285,1,BAC,434,2,111.705782587699
190,00286,1,MSFT,260,2,163.705746765945
191,00287,1,BAC,241,2,171.346118190485
192,00288,1,AAPL,195,2,111.787552685543
193,00290,1,BAC,370,2,105.964609790529
194,00291,1,MSFT,211,2,117.430903171518
195,00292,1,AAPL,318,2,121.616627352059
196,00294,1,BAC,264,2,145.759549403759
197,00296,1,AAPL,209,2,166.600331926623
198,00298,1,AAPL,421,2,133.151143730562
199,00300,1,MSFT,139,2,174.182335744782
200,00301,1,BAC,200,2,192.369136352332
201,00303,1,MSFT,500,2,152.001389833491
202,00304,1,BAC,118,2,154.400264406253
203,00306,1,BAC,459,2,160.360824299371
204,00307,1,MSFT,374,2,180.245404284043
205,00309,1,MSFT,246,2,164.155289264118
206,00311,1,AAPL,224,2,113.668392529824
207,00312,1,BAC,318,2,123.166991191277
208,00314,1,MSFT,404,2,143.790591758905
209,00315,1,BAC,274,2,163.961510652442
210,00317,1,MSFT,208,2,110.989196454361
211,00319,1,BAC,207,2,178.408962122534
212,00321,1,MSFT,247,2,182.89758092227
213,00322,1,AAPL,132,2,183.736606837771
214,00323,1,BAC,169,2,134.820108009662
215,00324,1,AAPL,132,2,136.279944175168
216,00326,1,BAC,387,2,173.957039090376
217,00327,1,MSFT,275,2,198.450308490483
218,00328,1,BAC,109,2,104.231188360931
219,00329,1,AAPL,387,2,194.699911008208
220,00331,1,AAPL,462,2,197.547025054505
221,00332,1,MSFT,245,2,112.610357982541
222,00334,1,AAPL,252,2,141.186903694338
223,00335,1,AAPL,416,2,134.242555885414
224,00336,1,MSFT,342,2,147.79082203172
225,00338,1,AAPL,250,2,148.347162072366
226,00339,1,BAC,404,2,103.988536001568
227,00341,1,MSFT,288,2,162.282887996272
228,00343,1,BAC,439,2,124.604454850948
229,00344,1,BAC,456,2,129.955382766937
230,00346,1,BAC,364,2,130.409105676012
231,00348,1,BAC,439,2,106.796696654153
232,00350,1,BAC,402,2,115.787850326792
233,00352,1,AAPL,284,2,184.219375169526
234,00353,1,BAC,220,2,163.771379071857
235,00355,1,AAPL,300,2,109.173718883448
236,00357,1,MSFT,269,2,150.930575340677
237,00358,1,AAPL,301,2,101.990749687975
238,00359,1,MSFT,419,2,132.92546500098
239,00360,1,BAC,288,2,191.638382415999
240,00362,1,MSFT,483,2,197.977218453111
241,00364,1,BAC,326,2,179.478537572496
242,00366,1,MSFT,145,2,161.48176084102
243,00368,1,BAC,167,2,100.90877459099
244,00370,1,AAPL,416,2,137.706999563626
245,00371,1,BAC,216,2,125.2939738496
246,00373,1,MSFT,136,2,175.095476676971
247,00374,1,AAPL,473,2,130.161038226334
248,00375,1,AAPL,103,2,139.358082405271
249,00376,1,BAC,226,2,175.734465940887
250,00378,1,BAC,493,2,171.408154858998
251,00380,1,BAC,355,2,174.41434136156
252,00382,1,AAPL,387,2,127.644901783239
253,00383,1,BAC,154,2,120.40844395833
254,00385,1,MSFT,296,2,104.024640576902
255,00386,1,BAC,155,2,132.864297262057
256,00388,1,AAPL,258,2,144.559201751676
257,00389,1,AAPL,359,2,159.815795120632
258,00391,1,MSFT,236,2,104.604664037683
259,00392,1,BAC,320,2,104.991816036699
260,00394,1,AAPL,171,2,131.008661282411
261,00396,1,MSFT,392,2,162.233557044233
262,00397,1,AAPL,205,2,172.744040340402
263,00399,1,AAPL,376,2,185.687986727837
264,00400,1,BAC,410,2,102.770852526476
265,00402,1,BAC,415,2,145.70607409894
266,00404,1,MSFT,304,2,124.459463673896
267,00405,1,BAC,183,2,158.818023711923
268,00407,1,BAC,173,2,122.880661738688
269,00409,1,AAPL,361,2,146.751908212599
270,00410,1,MSFT,472,2,141.58736885352
271,00411,1,BAC,374,2,153.495331179654
272,00413,1,AAPL,226,2,154.192608631941
273,00415,1,BAC,384,2,124.987248299328
274,00417,1,BAC,222,2,147.556849128565
275,00418,1,AAPL,323,2,132.425934659886
276,00420,1,BAC,153,2,174.321533449724
277,00422,1,BAC,308,2,191.083138102054
278,00423,1,BAC,366,2,162.074068758552
279,00425,1,MSFT,225,2,191.352620427616
280,00427,1,MSFT,356,2,168.338838561177
281,00429,1,BAC,379,2,160.241652076842
282,00431,1,BAC,160,2,189.736776582789
283,00432,1,AAPL,467,2,100.101191367489
284,00434,1,AAPL,500,2,171.808201189789
285,00436,1,MSFT,480,2,195.851050047527
286,00437,1,AAPL,344,2,195.412459212447
287,00439,1,BAC,190,2,170.145006229896
288,00441,1,BAC,157,2,182.914932952476
289,00443,1,AAPL,140,2,108.662112445247
290,00445,1,AAPL,404,2,144.139356614247
291,00447,1,MSFT,272,2,189.508371399703
292,00449,1,BAC,252,2,138.919540762344
293,00451,1,AAPL,396,2,172.237018497886
294,00453,1,AAPL,363,2,193.007971864068
295,00455,1,BAC,456,2,164.115624174588
296,00457,1,BAC,152,2,132.764373344533
297,00459,1,MSFT,286,2,167.938799216198
298,00461,1,MSFT,422,2,108.991436784587
299,00463,1,BAC,303,2,178.96110432058
300,00464,1,AAPL,486,2,175.941542575402
301,00466,1,AAPL,111,2,133.565978348383
302,00468,1,AAPL,262,2,190.516234722906
303,00470,1,AAPL,108,2,142.47290443695
304,00472,1,BAC,461,2,180.134994796081
305,00474,1,MSFT,443,2,150.560286853932
306,00476,1,BAC,427,2,187.618726869972
307,00478,1,BAC,426,2,122.34595662071
308,00480,1,AAPL,253,2,179.433429781316
309,00481,1,MSFT,168,2,126.991962525666
310,00482,1,AAPL,405,2,186.100387364267
311,00483,1,BAC,296,2,110.402732311506
312,00484,1,BAC,151,2,110.402497349813
313,00485,1,AAPL,437,2,197.168102148876
314,00487,1,BAC,453,2,178.803760732295
315,00488,1,AAPL,116,2,125.101225209077
316,00489,1,MSFT,206,2,153.013301682768
317,00491,1,AAPL,283,2,186.25760524671
318,00493,1,BAC,292,2,189.370980301291
319,00494,1,MSFT,340,2,184.748408726676
320,00495,1,MSFT,183,2,109.37769899774
321,00496,1,MSFT,284,2,184.015696187303
322,00498,1,BAC,491,2,184.477693421904
323,00500,1,AAPL,122,2,104.097880863498
324,00502,1,MSFT,426,2,183.93053544585
325,00503,1,BAC,147,2,188.703373085936
326,00504,1,AAPL,159,2,181.838139956178
327,00505,1,AAPL,438,2,134.538532019907
328,00507,1,AAPL,493,2,144.064092154044
329,00509,1,AAPL,388,2,185.5349267591
330,00510,1,AAPL,291,2,130.39696653272
331,00511,1,MSFT,333,2,109.308808534519
332,00512,1,AAPL,131,2,135.240964864553
333,00513,1,MSFT,349,2,146.456252113079
334,00514,1,BAC,149,2,165.978953475345
335,00516,1,BAC,397,2,149.986019091942
336,00517,1,BAC,391,2,170.919386058758
337,00518,1,MSFT,312,2,147.69655482816
338,00520,1,BAC,493,2,137.604641345836
339,00522,1,MSFT,473,2,158.76675051366
340,00524,1,MSFT,228,2,161.022375886105
341,00526,1,AAPL,313,2,188.189786197906
342,00527,1,MSFT,104,2,196.677790605801
343,00529,1,MSFT,424,2,148.421272759257
344,00531,1,BAC,163,2,193.458824258864
345,00532,1,MSFT,385,2,198.72172063541
346,00533,1,BAC,408,2,197.937328841443
347,00534,1,BAC,368,2,118.230544527837
348,00535,1,AAPL,460,2,190.81712950959
349,00537,1,MSFT,276,2,199.487272002743
350,00539,1,BAC,316,2,192.847959026192
351,00541,1,BAC,395,2,158.04331301706
352,00543,1,AAPL,397,2,138.572015353162
353,00545,1,BAC,396,2,120.057070439053
354,00547,1,MSFT,352,2,189.658747763677
355,00548,1,AAPL,216,2,141.559688274888
356,00550,1,BAC,262,2,187.621492795366
357,00551,1,AAPL,283,2,151.974732281675
358,00552,1,AAPL,440,2,157.782275872326
359,00553,1,BAC,283,2,100.118448374834
360,00554,1,BAC,289,2,153.055970708194
361,00555,1,AAPL,172,2,188.015023030652
362,00557,1,AAPL,343,2,126.746735678926
363,00558,1,BAC,310,2,143.288716774326
364,00560,1,BAC,497,2,188.486941560557
365,00561,1,MSFT,322,2,151.41226952373
366,00562,1,BAC,234,2,175.428684961966
367,00564,1,MSFT,307,2,147.014935023718
368,00566,1,MSFT,461,2,146.372773082573
369,00568,1,AAPL,147,2,142.085312519805
370,00569,1,AAPL,188,2,112.939069753754
371,00571,1,BAC,456,2,190.893559930621
372,00573,1,MSFT,265,2,106.853825101095
373,00575,1,BAC,435,2,109.631660897898
374,00577,1,MSFT,423,2,122.467435765167
375,00578,1,MSFT,435,2,167.794031659454
376,00579,1,BAC,162,2,178.919536586504
377,00580,1,AAPL,431,2,191.137450597666
378,00581,1,MSFT,217,2,158.084006030449
379,00582,1,MSFT,233,2,199.480851097589
380,00583,1,MSFT,112,2,101.574699030479
381,00585,1,AAPL,166,2,156.547925480682
382,00586,1,AAPL,111,2,145.936816335312
383,00587,1,AAPL,472,2,105.026907613256
384,00589,1,BAC,241,2,139.240478014282
385,00590,1,AAPL,193,2,170.989548407737
386,00591,1,BAC,412,2,187.766505341965
387,00592,1,AAPL,497,2,128.538141044954
388,00593,1,BAC,487,2,190.599628468688
389,00595,1,BAC,111,2,152.876614034213
390,00597,1,AAPL,132,2,131.999219101873
391,00598,1,MSFT,340,2,161.125195386517
392,00600,1,MSFT,293,2,172.413121325956
393,00602,1,BAC,428,2,172.932017498003
394,00604,1,MSFT,377,2,110.132818300255
395,00606,1,AAPL,401,2,190.216566185639
396,00608,1,AAPL,100,2,144.941338172615
397,00610,1,MSFT,181,2,198.781902397166
398,00612,1,MSFT,429,2,171.6887228902
399,00614,1,BAC,327,2,122.362755088754
400,00615,1,MSFT,205,2,170.521780527985
401,00617,1,AAPL,250,2,133.169050678056
402,00619,1,BAC,198,2,164.846597935299
403,00621,1,AAPL,313,2,196.70123174495
404,00622,1,MSFT,461,2,161.647905311338
405,00623,1,MSFT,386,2,121.352855215653
406,00624,1,MSFT,398,2,132.338545302476
407,00626,1,AAPL,330,2,196.06957965651
408,00628,1,MSFT,355,2,176.791578337274
409,00630,1,MSFT,475,2,184.774345665591
410,00632,1,AAPL,270,2,161.766151229976
411,00633,1,BAC,438,2,109.453157107978
412,00635,1,MSFT,392,2,151.455791119459
413,00637,1,MSFT,109,2,152.264353917958
414,00639,1,AAPL,153,2,178.389260738017
415,00641,1,AAPL,121,2,103.547430092023
416,00642,1,MSFT,439,2,171.28323789651
417,00644,1,AAPL,172,2,175.369856215097
418,00646,1,AAPL,208,2,121.11688063187
419,00647,1,MSFT,296,2,133.809783966184
420,00648,1,AAPL,308,2,124.160750064925
421,00649,1,AAPL,387,2,190.069214489971
422,00651,1,AAPL,235,2,177.658609384666
423,00652,1,BAC,268,2,185.085853964389
424,00653,1,MSFT,413,2,151.905462613491
425,00655,1,BAC,283,2,124.847493853344
426,00657,1,BAC,276,2,149.373249409107
427,00659,1,AAPL,327,2,114.327137277286
428,00660,1,BAC,125,2,187.954457333009
429,00662,1,BAC,154,2,119.540271830842
430,00663,1,AAPL,154,2,110.528496283992
431,00665,1,MSFT,281,2,155.988303056095
432,00667,1,AAPL,219,2,142.722179460111
433,00668,1,BAC,168,2,104.508047980208
434,00669,1,BAC,491,2,181.068647561831
435,00670,1,MSFT,313,2,111.838151663857
436,00671,1,MSFT,257,2,186.799262235755
437,00673,1,AAPL,127,2,123.630934032232
438,00675,1,AAPL,480,2,135.645441055995
439,00677,1,AAPL,376,2,106.609409300234
440,00679,1,BAC,438,2,165.871932179297
441,00680,1,AAPL,316,2,128.180767471094
442,00682,1,AAPL,204,2,197.64918889478
443,00683,1,MSFT,338,2,192.9219425731
444,00684,1,AAPL,224,2,184.289421521012
445,00686,1,MSFT,470,2,136.050312641204
446,00687,1,BAC,234,2,134.957439117934
447,00688,1,BAC,124,2,161.095730606528
448,00689,1,MSFT,380,2,126.844978043113
449,00691,1,MSFT,366,2,127.740956297377
450,00693,1,MSFT,343,2,187.779732704319
451,00694,1,AAPL,376,2,153.610178694148
452,00695,1,AAPL,144,2,166.988977164199
453,00696,1,AAPL,110,2,120.250942755441
454,00698,1,AAPL,134,2,181.068941645103
455,00700,1,BAC,344,2,126.769047912191
456,00702,1,AAPL,143,2,182.614765699144
457,00704,1,MSFT,206,2,165.88645923954
458,00706,1,AAPL,113,2,135.616755334799
459,00708,1,AAPL,434,2,198.700140087526
460,00709,1,BAC,450,2,199.355628348703
461,00710,1,AAPL,275,2,184.840657873573
462,00712,1,BAC,475,2,126.864745028002
463,00714,1,MSFT,132,2,103.542917339435
464,00715,1,MSFT,381,2,181.311121652434
465,00717,1,AAPL,326,2,177.943302425181
466,00719,1,BAC,227,2,113.567696971767
467,00721,1,AAPL,102,2,176.957480604703
468,00723,1,MSFT,286,2,156.687660985239
469,00724,1,AAPL,457,2,192.008589230774
470,00726,1,MSFT,247,2,125.787804531726
471,00728,1,MSFT,384,2,125.847555147206
472,00729,1,MSFT,103,2,141.752358301191
473,00730,1,BAC,225,2,159.634498078229
474,00731,1,AAPL,416,2,173.513650255051
475,00733,1,BAC,177,2,180.486274691807
476,00735,1,MSFT,416,2,128.17049079364
477,00736,1,MSFT,336,2,157.864802866191
478,00737,1,AAPL,429,2,186.356887022907
479,00738,1,AAPL,309,2,173.829385948281
480,00740,1,MSFT,343,2,138.93175577415
481,00742,1,BAC,295,2,113.894374136283
482,00744,1,BAC,218,2,189.461601858965
483,00746,1,MSFT,309,2,167.295683432764
484,00748,1,AAPL,391,2,159.881854951747
485,00750,1,MSFT,303,2,126.995981252813
486,00752,1,BAC,442,2,120.118310945935
487,00753,1,AAPL,292,2,190.042488559481
488,00755,1,MSFT,248,2,173.019910626902
489,00757,1,AAPL,120,2,150.708615006224
490,00758,1,MSFT,455,2,170.336378744996
491,00759,1,BAC,297,2,128.091746048492
492,00760,1,AAPL,376,2,198.802542466829
493,00762,1,MSFT,133,2,139.933967337987
494,00764,1,BAC,425,2,173.431263311598
495,00766,1,AAPL,186,2,101.127105759189
496,00768,1,BAC,485,2,124.923420016859
497,00769,1,MSFT,184,2,183.619210036866
498,00771,1,MSFT,112,2,169.155956716395
499,00772,1,AAPL,117,2,111.305412987475
500,00773,1,MSFT,179,2,170.977564460083
501,00774,1,MSFT,375,2,113.737696499252
502,00776,1,BAC,197,2,140.379076766967
503,00777,1,BAC,355,2,159.279946544818
504,00778,1,MSFT,482,2,107.14206518021
505,00779,1,MSFT,159,2,124.645688742688
506,00780,1,AAPL,284,2,157.58927115379
507,00782,1,MSFT,150,2,142.682702319318
508,00784,1,MSFT,277,2,130.945216710967
509,00786,1,MSFT,366,2,175.539283641042
510,00787,1,AAPL,141,2,126.362023419511
511,00789,1,MSFT,409,2,197.804838158657
512,00790,1,BAC,245,2,178.294212756582
513,00791,1,BAC,445,2,196.727117857453
514,00792,1,BAC,248,2,132.196521921861
515,00793,1,MSFT,203,2,146.246424338414
516,00794,1,MSFT,202,2,133.195649353501
517,00795,1,MSFT,423,2,156.93763861212
518,00796,1,MSFT,182,2,139.468137564222
519,00797,1,AAPL,180,2,177.644482287118
520,00799,1,BAC,308,2,180.900899368204
521,00801,1,AAPL,481,2,189.441969000361
522,00803,1,BAC,475,2,162.905922293566
523,00804,1,AAPL,119,2,102.355316969332
524,00806,1,MSFT,178,2,143.385518808262
525,00808,1,AAPL,454,2,191.647437051217
526,00809,1,BAC,110,2,134.396800695791
527,00811,1,BAC,396,2,100.674605238982
528,00813,1,BAC,307,2,162.091207240088
529,00814,1,BAC,155,2,134.23725257233
530,00815,1,BAC,217,2,186.432993630874
531,00816,1,MSFT,385,2,176.389356783861
532,00817,1,AAPL,203,2,169.501715709991
533,00818,1,MSFT,414,2,127.080855288178
534,00819,1,AAPL,440,2,130.990018708634
535,00821,1,BAC,174,2,193.979849539675
536,00823,1,AAPL,379,2,197.762643977454
537,00824,1,BAC,468,2,163.100233356951
538,00826,1,MSFT,241,2,109.034689798152
539,00827,1,MSFT,392,2,170.524848566459
540,00829,1,MSFT,122,2,193.297530951789
541,00831,1,BAC,148,2,119.806796270704
542,00833,1,MSFT,490,2,186.627287760142
543,00835,1,BAC,263,2,137.55673257655
544,00837,1,MSFT,378,2,139.680991403772
545,00838,1,MSFT,445,2,154.790908342569
546,00839,1,AAPL,442,2,166.474420921627
547,00840,1,AAPL,363,2,122.916750865918
548,00842,1,AAPL,240,2,186.485990608849
549,00843,1,MSFT,107,2,191.468068803324
550,00845,1,BAC,375,2,126.442946448877
551,00846,1,BAC,438,2,166.503555506138
552,00847,1,MSFT,219,2,174.158543422019
553,00848,1,MSFT,163,2,123.782436415212
554,00849,1,MSFT,488,2,177.284290527795
555,00851,1,MSFT,263,2,112.380471457921
556,00853,1,AAPL,144,2,121.005946632935
557,00855,1,AAPL,426,2,118.767106057416
558,00857,1,AAPL,460,2,104.851979427046
559,00858,1,BAC,107,2,192.653787780792
560,00859,1,BAC,405,2,168.995715944515
561,00861,1,BAC,355,2,112.673228695943
562,00862,1,MSFT,358,2,123.568423916666
563,00863,1,BAC,246,2,177.516899668082
564,00865,1,AAPL,352,2,169.84412199924
565,00866,1,AAPL,275,2,175.899285068487
566,00868,1,MSFT,229,2,138.92511415209
567,00869,1,AAPL,148,2,154.394865513749
568,00870,1,MSFT,207,2,167.460305081471
569,00872,1,BAC,158,2,115.873502222416
570,00874,1,MSFT,382,2,125.904536277187
571,00876,1,MSFT,351,2,141.162794889116
572,00877,1,MSFT,100,2,165.403059516088
573,00878,1,AAPL,367,2,128.980304945716
574,00880,1,BAC,396,2,106.241540506609
575,00881,1,MSFT,246,2,129.473759117008
576,00883,1,AAPL,496,2,102.962800705266
577,00884,1,AAPL,471,2,103.025027194582
578,00885,1,AAPL,205,2,125.121183854369
579,00886,1,AAPL,338,2,188.053418626608
580,00888,1,MSFT,135,2,139.633131208962
581,00890,1,MSFT,381,2,129.611514261238
582,00891,1,MSFT,187,2,197.987138884073
583,00893,1,BAC,331,2,191.478112979291
584,00894,1,BAC,436,2,192.885682020277
585,00895,1,AAPL,282,2,184.72508316643
586,00897,1,AAPL,314,2,167.211902681547
587,00899,1,AAPL,152,2,159.494877423576
588,00900,1,MSFT,229,2,127.002343004767
589,00901,1,MSFT,125,2,145.698762455063
590,00903,1,BAC,270,2,104.634951599374
591,00904,1,MSFT,309,2,162.622633687181
592,00906,1,BAC,247,2,119.400556630292
593,00908,1,AAPL,128,2,140.088898177569
594,00910,1,MSFT,416,2,134.579482956838
595,00912,1,BAC,375,2,146.234277443123
596,00914,1,MSFT,238,2,190.086037356736
597,00916,1,AAPL,178,2,117.384076591531
598,00918,1,BAC,309,2,198.899210773674
599,00919,1,MSFT,342,2,107.316120520369
600,00921,1,AAPL,483,2,129.255519523682
601,00922,1,BAC,260,2,159.652585855714
602,00924,1,BAC,278,2,169.945250630896
603,00926,1,AAPL,257,2,151.447766411912
604,00927,1,BAC,258,2,133.518315945932
605,00928,1,BAC,117,2,156.118419193884
606,00929,1,BAC,247,2,113.535046648152
607,00930,1,BAC,483,2,184.272308562351
608,00931,1,BAC,280,2,161.848170022353
609,00932,1,BAC,413,2,124.877163678519
610,00934,1,BAC,307,2,142.959025716876
611,00935,1,AAPL,434,2,155.425337891759
612,00937,1,MSFT,218,2,146.187285851852
613,00938,1,AAPL,223,2,149.719418335188
614,00940,1,AAPL,242,2,120.697457634791
615,00941,1,BAC,198,2,149.02663845269
616,00942,1,MSFT,163,2,101.382912427314
617,00944,1,BAC,248,2,171.16122265159
618,00945,1,AAPL,269,2,146.282399095796
619,00947,1,BAC,126,2,195.153331894034
620,00949,1,AAPL,417,2,175.822421942888
621,00951,1,MSFT,368,2,155.23384349502
622,00952,1,BAC,440,2,177.251317980119
623,00954,1,BAC,365,2,142.826759917918
624,00956,1,AAPL,135,2,133.884386929488
625,00957,1,AAPL,111,2,135.268713273486
626,00959,1,AAPL,458,2,135.799227012747
627,00961,1,MSFT,276,2,112.059929791861
628,00963,1,BAC,172,2,143.677349671156
629,00964,1,MSFT,156,2,177.140690959492
630,00965,1,MSFT,241,2,109.313354741225
631,00966,1,BAC,489,2,151.244414896216
632,00967,1,MSFT,136,2,181.778046907291
633,00969,1,MSFT,152,2,187.994899761701
634,00970,1,MSFT,104,2,153.322673557322
635,00971,1,BAC,278,2,190.266569119499
636,00972,1,MSFT,453,2,124.107861322767
637,00974,1,AAPL,198,2,166.917429210932
638,00975,1,MSFT,396,2,104.121278807657
639,00977,1,MSFT,358,2,190.467169922724
640,00978,1,BAC,417,2,158.732864581381
641,00979,1,BAC,426,2,158.08784443635
642,00980,1,BAC,231,2,199.1947867158
643,00982,1,AAPL,426,2,134.700417574224
644,00984,1,AAPL,332,2,108.293825535451
645,00985,1,BAC,404,2,191.79466656045
646,00986,1,MSFT,129,2,177.785132539782
647,00987,1,AAPL,345,2,110.73822436616
648,00988,1,BAC,465,2,182.190472998807
649,00989,1,MSFT,156,2,150.011072611833
650,00990,1,AAPL,408,2,177.170112311086
651,00991,1,AAPL,106,2,140.482671414076
652,00993,1,BAC,478,2,120.050952590128
653,00995,1,MSFT,245,2,108.281415328978
654,00997,1,AAPL,390,2,182.606484186513
655,00999,1,AAPL,338,2,140.96978255687
656,01001,1,AAPL,344,2,168.829320649665
657,01002,1,AAPL,488,2,124.263169135941
658,01004,1,BAC,328,2,180.233382141382
659,01005,1,AAPL,429,2,158.824140555163
660,01007,1,MSFT,113,2,167.126433910654
661,01008,1,MSFT,186,2,142.825221508059
662,01009,1,MSFT,337,2,140.303542113538
663,01010,1,MSFT,101,2,148.46317712828
664,01012,1,AAPL,276,2,158.511674856111
665,01014,1,AAPL,256,2,163.858473751671
666,01016,1,BAC,384,2,118.670727232101
667,01017,1,BAC,405,2,153.730309730651
668,01018,1,AAPL,241,2,137.210307577343
669,01020,1,AAPL,370,2,116.702501089343
670,01021,1,AAPL,252,2,140.491247696853
671,01023,1,BAC,402,2,174.473018572985
672,01024,1,MSFT,286,2,118.387055866603
673,01026,1,MSFT,106,2,122.352477511572
674,01027,1,MSFT,269,2,189.583745365778
675,01028,1,MSFT,185,2,135.173287605807
676,01030,1,MSFT,428,2,115.527174375944
677,01031,1,AAPL,437,2,118.054239709746
678,01032,1,AAPL,163,2,177.184219997473
679,01033,1,MSFT,178,2,174.604327320883
680,01035,1,MSFT,325,2,157.71033251045
681,01036,1,BAC,314,2,197.595499670477
682,01038,1,BAC,456,2,176.463254282369
683,01040,1,MSFT,196,2,131.434686866656
684,01041,1,MSFT,294,2,147.891857163708
685,01043,1,AAPL,307,2,170.101685730665
686,01044,1,BAC,489,2,186.848728355423
687,01045,1,AAPL,452,2,130.64940484409
688,01046,1,AAPL,262,2,193.192023244737
689,01047,1,BAC,184,2,180.21305571383
690,01048,1,BAC,276,2,192.419912861186
691,01049,1,AAPL,382,2,103.829188377895
692,01050,1,BAC,498,2,132.43846965848
693,01052,1,MSFT,268,2,135.05121112873
694,01053,1,AAPL,438,2,113.730391153928
695,01055,1,MSFT,261,2,100.685735562255
696,01057,1,BAC,194,2,144.839840243231
697,01059,1,AAPL,270,2,186.837616220531
698,01061,1,MSFT,353,2,121.005061101399
699,01063,1,MSFT,317,2,128.721957900378
700,01064,1,BAC,163,2,176.493692011576
701,01065,1,MSFT,147,2,166.471470863699
702,01066,1,MSFT,349,2,175.929265977158
703,01068,1,MSFT,427,2,138.473589329296
704,01070,1,MSFT,304,2,146.584249021689
705,01072,1,BAC,379,2,169.069735083171
706,01074,1,MSFT,422,2,109.749427879613
707,01076,1,AAPL,170,2,119.209186731325
708,01078,1,BAC,333,2,179.717525594593
709,01079,1,MSFT,165,2,162.374305422999
710,01080,1,MSFT,187,2,184.220478021268
711,01081,1,BAC,203,2,103.401506147411
712,01082,1,AAPL,371,2,167.310246706944
713,01084,1,MSFT,341,2,119.495744026757
714,01086,1,BAC,276,2,104.364580755475
715,01088,1,AAPL,171,2,104.950511371796
716,01089,1,BAC,161,2,171.466652211872
717,01091,1,AAPL,426,2,144.365148342587
718,01092,1,AAPL,196,2,174.056271218072
719,01094,1,AAPL,431,2,192.850896732102
720,01096,1,BAC,275,2,190.711099323592
721,01098,1,MSFT,212,2,134.518562294101
722,01100,1,AAPL,457,2,174.784772306887
723,01101,1,BAC,195,2,144.328109290264
724,01102,1,BAC,471,2,180.800612033559
725,01103,1,BAC,291,2,146.772927565618
726,01105,1,BAC,247,2,187.719063179562
727,01107,1,MSFT,262,2,107.485649773651
728,01108,1,MSFT,315,2,124.135947148338
729,01109,1,MSFT,360,2,178.574189107735
730,01110,1,AAPL,478,2,130.431184902424
731,01112,1,MSFT,233,2,148.957009214401
732,01114,1,MSFT,396,2,179.468045827678
733,01116,1,BAC,379,2,172.043766256477
734,01118,1,BAC,265,2,178.518936955976
735,01120,1,BAC,340,2,199.921719539197
736,01121,1,BAC,209,2,128.701740629458
737,01122,1,BAC,149,2,191.51037432097
738,01123,1,AAPL,415,2,191.097257698417
739,01124,1,MSFT,177,2,114.074234862047
740,01125,1,MSFT,105,2,108.140413265642
741,01127,1,MSFT,483,2,109.874971627544
742,01129,1,MSFT,385,2,153.289719965635
743,01131,1,MSFT,488,2,179.049164615645
744,01132,1,BAC,391,2,145.670225182345
745,01134,1,BAC,497,2,139.528925561006
746,01135,1,MSFT,137,2,126.528026536546
747,01136,1,MSFT,258,2,177.820987973672
748,01138,1,MSFT,373,2,179.089584507036
749,01139,1,BAC,474,2,161.236817091226
750,01141,1,MSFT,203,2,199.542171508458
751,01143,1,BAC,223,2,143.455108684069
752,01144,1,AAPL,120,2,172.88573264068
753,01145,1,MSFT,375,2,129.55238320724
754,01146,1,MSFT,398,2,125.153432050354
755,01147,1,BAC,411,2,120.977359278308
756,01149,1,BAC,103,2,184.091170722973
757,01150,1,MSFT,436,2,122.475304834068
758,01151,1,BAC,378,2,130.427585638004
759,01153,1,AAPL,464,2,123.351115450636
760,01155,1,AAPL,440,2,188.260556147819
761,01157,1,MSFT,490,2,135.535639768113
762,01159,1,MSFT,313,2,181.720838660004
763,01160,1,BAC,144,2,104.777830119821
764,01162,1,AAPL,178,2,136.04124229802
765,01163,1,BAC,320,2,127.07868036471
766,01165,1,AAPL,336,2,150.458108014682
767,01166,1,AAPL,338,2,177.212951019198
768,01168,1,AAPL,292,2,143.771638912033
769,01170,1,AAPL,460,2,173.060145993706
770,01171,1,MSFT,249,2,159.056921019711
771,01172,1,MSFT,205,2,165.671707525884
772,01173,1,BAC,473,2,114.621875955346
773,01175,1,BAC,226,2,174.074464668099
774,01177,1,AAPL,210,2,171.809947354302
775,01179,1,MSFT,265,2,134.599189282792
776,01180,1,MSFT,339,2,150.861638523892
777,01182,1,AAPL,167,2,197.229610884169
778,01184,1,BAC,429,2,189.75966884804
779,01185,1,MSFT,247,2,102.993729199035
780,01187,1,AAPL,158,2,171.60018738235
781,01189,1,BAC,239,2,172.00064402229
782,01191,1,MSFT,283,2,158.628342495712
783,01192,1,AAPL,262,2,177.677947621838
784,01194,1,BAC,379,2,145.343587497839
785,01195,1,BAC,190,2,148.165782841819
786,01196,1,MSFT,119,2,146.975276030678
787,01198,1,BAC,481,2,109.642849958216
788,01200,1,MSFT,201,2,127.122113983918
789,01201,1,MSFT,160,2,120.499619219027
790,01202,1,MSFT,419,2,178.885193031058
791,01204,1,AAPL,132,2,164.883534931854
792,01206,1,AAPL,220,2,105.034068188184
793,01208,1,AAPL,388,2,175.01840307747
794,01210,1,BAC,348,2,176.587794840741
795,01211,1,BAC,309,2,159.608401414072
796,01212,1,BAC,422,2,179.647646249064
797,01214,1,MSFT,167,2,135.294649727156
798,01216,1,AAPL,490,2,167.62538676117
799,01217,1,BAC,391,2,163.559603680702
800,01219,1,BAC,140,2,123.799501955314
801,01221,1,MSFT,134,2,143.493108556336
802,01223,1,AAPL,451,2,160.221037044338
803,01224,1,MSFT,419,2,133.569293882077
804,01226,1,AAPL,334,2,198.964936315165
805,01227,1,AAPL,260,2,197.669172330409
806,01229,1,BAC,300,2,101.748739597204
807,01230,1,MSFT,446,2,166.927761907164
808,01232,1,AAPL,403,2,183.002994875481
809,01233,1,AAPL,500,2,166.556478286703
810,01235,1,MSFT,473,2,194.971713902017
811,01237,1,MSFT,283,2,170.254732829652
812,01238,1,BAC,105,2,114.574215019417
813,01240,1,MSFT,192,2,198.429174318471
814,01242,1,BAC,422,2,162.782632738642
815,01244,1,BAC,299,2,188.40451282746
816,01245,1,MSFT,468,2,167.728913370635
817,01246,1,MSFT,392,2,164.549711408205
818,01247,1,BAC,192,2,153.24846705459
819,01248,1,BAC,258,2,164.755902756133
820,01249,1,MSFT,401,2,199.385686644811
821,01250,1,BAC,328,2,152.453576335322
822,01252,1,AAPL,429,2,165.950344630322
823,01254,1,BAC,241,2,165.254423641611
824,01255,1,BAC,315,2,174.102883494593
825,01257,1,BAC,301,2,104.918260671739
826,01258,1,AAPL,217,2,168.419212318314
827,01259,1,MSFT,432,2,194.790621936512
828,01261,1,MSFT,141,2,171.982872066548
829,01263,1,MSFT,335,2,195.526615681999
830,01264,1,AAPL,240,2,140.052329665078
831,01265,1,AAPL,143,2,155.401505678186
832,01266,1,BAC,104,2,191.759188125024
833,01267,1,BAC,234,2,130.157744239403
834,01269,1,AAPL,432,2,108.540577948761
835,01271,1,AAPL,216,2,134.608036718242
836,01273,1,MSFT,357,2,127.881440841348
837,01274,1,AAPL,407,2,107.108618183203
838,01275,1,MSFT,377,2,115.319109566599
839,01277,1,AAPL,292,2,172.722639884652
840,01279,1,BAC,325,2,166.801126221824
841,01281,1,AAPL,462,2,102.902947733817
842,01283,1,BAC,290,2,116.354360801063
843,01285,1,AAPL,174,2,192.393295210062
844,01287,1,AAPL,433,2,184.268212762196
845,01289,1,AAPL,334,2,190.995949876331
846,01290,1,MSFT,326,2,183.211372324207
847,01291,1,MSFT,224,2,142.424742639269
848,01293,1,BAC,225,2,135.691595148707
849,01295,1,MSFT,199,2,136.113428540845
850,01297,1,BAC,444,2,167.123392551536
851,01298,1,AAPL,304,2,104.636656642156
852,01300,1,MSFT,283,2,139.895046318976
853,01302,1,MSFT,365,2,155.233717291519
854,01303,1,BAC,276,2,195.58729828383
855,01305,1,AAPL,231,2,196.1334595931
856,01307,1,MSFT,438,2,114.470384062262
857,01308,1,AAPL,282,2,131.03370841687
858,01310,1,BAC,112,2,117.43221995
859,01311,1,AAPL,299,2,119.562323626773
860,01313,1,BAC,337,2,104.135738403843
861,01314,1,AAPL,184,2,102.025926211506
862,01316,1,BAC,230,2,155.427071989688
863,01318,1,BAC,163,2,132.690470320821
864,01320,1,MSFT,402,2,186.958006509941
865,01322,1,MSFT,155,2,147.555065688946
866,01324,1,BAC,411,2,193.67748667514
867,01325,1,MSFT,354,2,159.983245253799
868,01327,1,MSFT,329,2,182.358826937216
869,01328,1,BAC,311,2,160.498822970583
870,01329,1,BAC,309,2,137.435298139701
871,01331,1,AAPL,485,2,199.841510849255
872,01333,1,MSFT,432,2,193.987239967535
873,01334,1,MSFT,490,2,146.925185061195
874,01336,1,MSFT,252,2,132.662774029291
875,01337,1,AAPL,300,2,139.697335143178
876,01338,1,AAPL,123,2,178.662389558309
877,01340,1,AAPL,246,2,146.909231716053
878,01342,1,BAC,354,2,115.120648606798
879,01344,1,MSFT,261,2,112.817106988701
880,01345,1,MSFT,181,2,193.752562253386
881,01346,1,MSFT,234,2,194.81551295733
882,01347,1,BAC,284,2,184.256621566162
883,01348,1,MSFT,161,2,155.847222305956
884,01350,1,AAPL,251,2,194.651188162317
885,01351,1,MSFT,104,2,189.852541010724
886,01352,1,BAC,204,2,194.002741711955
887,01353,1,BAC,415,2,184.506764115132
888,01355,1,BAC,188,2,184.403028933165
889,01356,1,BAC,190,2,176.492493389595
890,01357,1,MSFT,232,2,177.809506481897
891,01358,1,BAC,218,2,176.807164324328
892,01359,1,AAPL,478,2,163.462680914872
893,01360,1,MSFT,416,2,174.352160170519
894,01361,1,BAC,437,2,155.145855860115
895,01362,1,AAPL,197,2,116.434644432161
896,01364,1,MSFT,330,2,156.015664777297
897,01365,1,MSFT,381,2,136.975479234832
898,01366,1,AAPL,369,2,140.707170271688
899,01368,1,MSFT,184,2,131.650116766323
900,01369,1,BAC,154,2,188.64463059931
901,01370,1,BAC,381,2,141.225088296066
902,01372,1,MSFT,104,2,180.846432767427
903,01373,1,BAC,336,2,150.44990762293
904,01374,1,MSFT,193,2,105.740187750355
905,01376,1,AAPL,256,2,109.157183990844
906,01378,1,BAC,216,2,157.406996738107
907,01380,1,MSFT,430,2,155.450892838626
908,01382,1,MSFT,354,2,114.362754008545
909,01383,1,AAPL,133,2,189.238581529774
910,01384,1,AAPL,318,2,104.614629327686
911,01386,1,BAC,122,2,157.562000365301
912,01388,1,BAC,114,2,190.963785182284
913,01389,1,AAPL,464,2,106.311078368152
914,01390,1,BAC,176,2,156.050808710549
915,01392,1,AAPL,401,2,195.122500581388
916,01394,1,MSFT,357,2,114.133721394372
917,01395,1,BAC,477,2,159.530745810906
918,01396,1,BAC,276,2,194.338187725826
919,01398,1,BAC,379,2,157.24860358826
920,01399,1,MSFT,406,2,167.665057255167
921,01401,1,BAC,122,2,168.157648009075
922,01402,1,BAC,297,2,181.964199590948
923,01403,1,MSFT,348,2,103.032793576422
924,01405,1,BAC,287,2,139.207631647447
925,01406,1,AAPL,344,2,108.954877339222
926,01408,1,BAC,417,2,172.128914001196
927,01409,1,MSFT,256,2,132.517510697993
928,01410,1,BAC,422,2,160.889118309967
929,01412,1,MSFT,422,2,171.165446895447
930,01413,1,BAC,192,2,196.049182771804
931,01415,1,MSFT,216,2,115.804050000202
932,01416,1,AAPL,257,2,181.272103022842
933,01418,1,MSFT,500,2,100.71576388293
934,01420,1,AAPL,459,2,148.322352309457
935,01422,1,MSFT,211,2,160.103543949982
936,01424,1,AAPL,395,2,143.434680305191
937,01426,1,MSFT,485,2,116.643346761491
938,01427,1,MSFT,496,2,142.744250572246
939,01428,1,BAC,486,2,103.86263573281
940,01430,1,MSFT,234,2,163.941220521512
941,01431,1,MSFT,484,2,198.570636982407
942,01433,1,AAPL,408,2,127.557974882258
943,01434,1,AAPL,268,2,109.594192575363
944,01435,1,BAC,423,2,141.261684434738
945,01436,1,AAPL,401,2,141.09456286949
946,01438,1,MSFT,286,2,113.208350689168
947,01440,1,AAPL,159,2,129.555813881091
948,01441,1,AAPL,287,2,171.170189988598
949,01443,1,MSFT,229,2,136.905438750104
950,01445,1,BAC,397,2,126.25571175564
951,01446,1,MSFT,338,2,137.920910752814
952,01448,1,MSFT,285,2,192.004358112946
953,01450,1,AAPL,272,2,130.552149606037
954,01451,1,MSFT,219,2,142.63421384301
955,01452,1,MSFT,337,2,153.821005873153
956,01454,1,BAC,160,2,129.21050943735
957,01456,1,AAPL,353,2,158.346650090832
958,01458,1,AAPL,474,2,164.956938806056
959,01459,1,MSFT,192,2,184.961885905522
960,01461,1,AAPL,239,2,150.386078380205
961,01463,1,AAPL,379,2,158.612330459151
962,01465,1,AAPL,467,2,111.678504784064
963,01466,1,AAPL,135,2,104.94962356651
964,01467,1,MSFT,203,2,186.890638391155
965,01469,1,BAC,316,2,114.083854107868
966,01470,1,BAC,161,2,135.711323185012
967,01472,1,BAC,473,2,137.368328165878
968,01473,1,MSFT,247,2,174.511818648982
969,01475,1,BAC,127,2,128.414163387346
970,01476,1,BAC,103,2,125.113194973096
971,01478,1,MSFT,108,2,175.670335847039
972,01480,1,BAC,471,2,163.667250337352
973,01482,1,MSFT,257,2,110.630665838877
974,01483,1,BAC,265,2,147.471186711125
975,01485,1,MSFT,199,2,121.89890003687
976,01486,1,BAC,497,2,103.084906225915
977,01488,1,MSFT,496,2,128.279826197097
978,01489,1,MSFT,176,2,197.111900058948
979,01491,1,AAPL,116,2,184.29421996639
980,01493,1,BAC,405,2,159.029435706978
981,01495,1,BAC,497,2,134.737720262939
982,01496,1,BAC,473,2,131.318227795815
983,01497,1,MSFT,300,2,114.161658260271
984,01498,1,AAPL,432,2,185.03194142889
985,01499,1,BAC,283,2,133.030322122464
986,01501,1,MSFT,186,2,173.907817331377
987,01502,1,MSFT,374,2,148.544880700316
988,01503,1,AAPL,156,2,127.17174864153
989,01505,1,AAPL,184,2,149.486241134907
990,01507,1,MSFT,193,2,130.148610507347
991,01509,1,AAPL,280,2,190.080415761411
992,01511,1,AAPL,441,2,161.303790340627
993,01513,1,AAPL,383,2,187.415708731133
994,01515,1,MSFT,216,2,136.455829067893
995,01517,1,AAPL,399,2,188.727911671265
996,01518,1,MSFT,146,2,145.951011835588
997,01520,1,MSFT,327,2,134.349861743122
998,01522,1,BAC,363,2,108.116107953363
999,01523,1,AAPL,241,2,138.775676073981
